ED_ID,Province,PRUID,ED_Name,x,y,lat,lng,Address,City,Postal_Code
1,Alberta,AB,BASSANO HEALTH CENTRE,-112.4612382,50.78928528,50.78928528,-112.4612382,608 5 AVE,BASSANO,T0J0B0
2,Alberta,AB,BARRHEAD HEALTHCARE CENTRE,-114.4003156,54.11971067,54.11971067,-114.4003156,4815 51 AVE,BARRHEAD,T7N1M1
3,Alberta,AB,ALBERTA HEALTH SVCS MINERAL SPRINGS HOSPITAL,-115.5759879,51.17913935,51.17913935,-115.5759879,305 LYNX ST,BANFF,T1L1H7
4,Alberta,AB,ATHABASCA HEALTHCARE CENTRE,-113.2538411,54.71711879,54.71711879,-113.2538411,3100 48 AVENUE,ATHABASCA,T9S1M9
5,Alberta,AB,BIG COUNTRY HOSPITAL,-110.4786349,51.35181798,51.35181798,-110.4786349,312 3 AVE E,OYEN,T0J2J0
6,Alberta,AB,BEAVERLODGE MUNICIPAL HOSPITAL,-119.3200327,55.21423518,55.21423518,-119.3200327,422 10A ST,BEAVERLODGE,T0H0C0
7,Alberta,AB,BOW ISLAND HEALTH CENTRE,-111.379417,49.86546356,49.86546356,-111.379417,938 CENTRE ST,BOW ISLAND,T0K0G0
8,Alberta,AB,BOYLE HEALTHCARE CENTRE,-112.8033866,54.58835704,54.58835704,-112.8033866,5004 LAKEVIEW ROAD ,BOYLE,T0A0M0
9,Alberta,AB,BROOKS HEALTH CENTRE,-111.8900473,50.56953471,50.56953471,-111.8900473,440 3 ST E,BROOKS,T1R0G5
10,Alberta,AB,BONNYVILLE HEALTHCARE CENTRE,-110.7399626,54.26308694,54.26308694,-110.7399626,5001 LAKESHORE DR,BONNYVILLE,T9N2J7
11,Alberta,AB,CANMORE GENERAL HOSPITAL,-115.3517813,51.09303791,51.09303791,-115.3517813,1100 HOSPITAL PL,CANMORE,T1W1N2
12,Alberta,AB,CARDSTON HOSPITAL,-113.3073,49.2013797,49.2013797,-113.3073,144 2 ST W,CARDSTON,T0K1J0
13,Alberta,AB,CENTRAL PEACE HEALTH COMPLEX,-118.8386316,55.77746843,55.77746843,-118.8386316,5010 45 AVE,SPIRIT RIVER,T0H3G0
14,Alberta,AB,CLARESHOLM GENERAL HOSPITAL,-113.5831812,50.01923745,50.01923745,-113.5831812,221 43 AVE W,CLARESHOLM,T0L0T0
15,Alberta,AB,CHINOOK REGIONAL HOSPITAL,-112.8146675,49.68465002,49.68465002,-112.8146675,960 19 ST S,LETHBRIDGE,T1J1W5
16,Alberta,AB,CONSORT HOSPITAL AND CARE CENTRE,-110.7809621,52.01037594,52.01037594,-110.7809621,5402 52 AVE,CONSORT,T0C1B0
17,Alberta,AB,COLD LAKE HEALTHCARE CENTRE,-110.1980687,54.4684377,54.4684377,-110.1980687,314 25 ST,COLD LAKE,T9M1G6
18,Alberta,AB,DAYSLAND HEALTH CENTRE,-112.273696,52.86874821,52.86874821,-112.273696,5920 51 AVE,DAYSLAND,T0B1A0
19,Alberta,AB,CROWSNEST PASS HOSPITAL,-114.4601755,49.61827616,49.61827616,-114.4601755,2001 107 ST,BLAIRMORE,T0K0E0
20,Alberta,AB,CORONATION HOSPITAL AND CARE CENTRE,-111.4571843,52.09558419,52.09558419,-111.4571843,5000 MUNICIPAL RD,CORONATION,T0C1C0
21,Alberta,AB,DIDSBURY DISTRICT HEALTH SERVICES,-114.12539,51.66065449,51.66065449,-114.12539,1210 20 AVE,DIDSBURY,T0M0W0
22,Alberta,AB,DEVON GENERAL HOSPITAL,-113.728234,53.35185097,53.35185097,-113.728234,101 ERIE ST S,DEVON,T9G1A6
23,Alberta,AB,DRAYTON VALLEY HOSPITAL AND CARE CENTRE,-114.9701895,53.21140615,53.21140615,-114.9701895,4550 MADSEN AVE,DRAYTON VALLEY,T7A1N8
24,Alberta,AB,EDSON HEALTHCARE CENTRE,-116.4266246,53.58599282,53.58599282,-116.4266246,4716 5 AVE,EDSON,T7E1S8
25,Alberta,AB,ELK POINT HEALTHCARE CENTRE,-110.9067204,53.89694956,53.89694956,-110.9067204,5310 50 AVE,ELK POINT,T0A1A0
26,Alberta,AB,DRUMHELLER HEALTH CENTRE,-112.7240865,51.46976888,51.46976888,-112.7240865,351 9 STREET,DRUMMHELLER,T0J0Y1
27,Alberta,AB,FOOTHILLS MEDICAL CENTRE,-114.1307228,51.0646699,51.0646699,-114.1307228,1403 29 ST NW,CALGARY,T2N2T9
28,Alberta,AB,FORT SASKATCHEWAN COMMUNITY HOSPITAL,-113.2120339,53.6934279,53.6934279,-113.2120339,9401 86 AVENUE,FORT SASKATCHEWAN,T8L0C6
29,Alberta,AB,FOX CREEK HEALTH CARE CENTRE,-116.8004418,54.40438604,54.40438604,-116.8004418,600 3 ST,FOX CREEK,T0H1P0
30,Alberta,AB,GEORGE MCDOUGALL- SMOKY LAKE HEALTHCARE CENTRE,-112.464954,54.12004209,54.12004209,-112.464954,4212 55 AVE,SMOKY LAKE,T0A3C0
31,Alberta,AB,FAIRVIEW HEALTH COMPLEX,-118.3813219,56.064666,56.064666,-118.3813219,10628 100 ST,FAIRVIEW,T0H1L0
32,Alberta,AB,GRANDE CACHE COMMUNITY HEALTH COMPLEX,-119.1191131,53.89063711,53.89063711,-119.1191131,10200 SHAND AVE,GRANDE CACHE,T0E0Y0
33,Alberta,AB,GRIMSHAW/BERWYN AND DISTRICT COMMUNITY HEALTH CENTRE,-117.4522164,56.25762814,56.25762814,-117.4522164,5621 WILCOX RD,GRIMSHAW,T0H1W0
34,Alberta,AB,HANNA  HEALTH CENTRE,-111.9282489,51.64962805,51.64962805,-111.9282489,904 CENTRE ST,HANNA,T0J1P0
35,Alberta,AB,GRANDE PRAIRIE CARE CENTRE,-118.8265802,55.17928809,55.17928809,-118.8265802,11205 110 st,GRANDE PRAIRIE,T8V4B1
36,Alberta,AB,HIGH PRAIRIE HEALTH COMPLEX,-116.6619689,55.40561511,55.40561511,-116.6619689,5101 38 STREET ,HIGH PRAIRIE,T0G1E0
37,Alberta,AB,HIGH RIVER GENERAL HOSPITAL,-113.879409,50.5750855,50.5750855,-113.879409,560 9 AVE SW,HIGH RIVER,T1V1B3
38,Alberta,AB,HINTON HEALTHCARE CENTRE,-117.585986,53.39732975,53.39732975,-117.585986,1280 SWITZER DR,HINTON,T7V1V2
39,Alberta,AB,HARDISTY HEALTH CENTRE,-111.4206114,52.61688228,52.61688228,-111.4206114,4531 47 ST,HARDISTY,T0B1V0
40,Alberta,AB,JASPER - SETON HEALTHCARE CENTRE,-118.0835508,52.87602764,52.87602764,-118.0835508,518 ROBSON ST,JASPER,T0E1E0
41,Alberta,AB,KILLAM HEALTH CARE CENTRE,-111.859503,52.7894132,52.7894132,-111.859503,5203 49 AVE,KILLAM,T0B2L0
42,Alberta,AB,INNISFAIL HEALTH CENTRE,-113.951334,52.02022082,52.02022082,-113.951334,5023 42 ST,INNISFAIL,T4G1A9
43,Alberta,AB,GREY NUNS COMMUNITY HOSPITAL,-113.432331,53.46238397,53.46238397,-113.432331,1100 YOUVILLE DR W,EDMONTON,T6L5X8
44,Alberta,AB,LACOMBE HOSPITAL AND CARE CENTRE,-113.7405692,52.46016991,52.46016991,-113.7405692,5430 47 AVE,LACOMBE,T4L1G8
45,Alberta,AB,LAMONT HEALTH CARE CENTRE,-112.7882716,53.76247018,53.76247018,-112.7882716,5216 53 ST,LAMONT,T0B2R0
46,Alberta,AB,LEDUC COMMUNITY HOSPITAL,-113.5446079,53.25455128,53.25455128,-113.5446079,4210 48 ST,LEDUC,T9E5Z3
47,Alberta,AB,MANNING COMMUNITY HEALTH CENTRE,-117.6249158,56.92705278,56.92705278,-117.6249158,600 2 ST NE,MANNING,T0H2M0
48,Alberta,AB,MAYERTHORPE HEALTH CARE CENTRE,-115.132896,53.94933067,53.94933067,-115.132896,4417 45 ST,MAYERTHORPE,T0E1N0
49,Alberta,AB,NORTHWEST HEALTH CENTRE,-117.1597926,58.51384248,58.51384248,-117.1597926,11202 100 AVE,HIGH LEVEL,T0H1Z0
50,Alberta,AB,NORTHERN LIGHTS REGIONAL HEALTH CENTRE,-111.3631846,56.71685422,56.71685422,-111.3631846,7 HOSPITAL STREET,FORT MCMURRAY,T9H1P2
51,Alberta,AB,MEDICINE HAT REGIONAL HOSPITAL,-110.7027282,50.03431247,50.03431247,-110.7027282,666 5 ST SW,MEDICINE HAT,T1A4H6
52,Alberta,AB,MISERICORDIA COMMUNITY HOSPITAL,-113.6126399,53.51947005,53.51947005,-113.6126399,16940 87 AVE NW,EDMONTON,T5R4H5
53,Alberta,AB,OLDS HOSPITAL AND CARE CENTRE,-114.1198748,51.80146011,51.80146011,-114.1198748,3901 57 AVE,OLDS,T4H1T4
54,Alberta,AB,OUR LADY OF THE ROSARY HOSPITAL AND CARE CENTRE,-111.9068541,52.22338797,52.22338797,-111.9068541,5402 47 ST,CASTOR,T0C0X0
55,Alberta,AB,OILFIELDS GENERAL HOSPITAL,-114.2332552,50.67793887,50.67793887,-114.2332552,717 GOVERNMENT RD S,BLACK DIAMOND,T0L0H0
56,Alberta,AB,PEACE RIVER COMMUNITY HEALTH CENTRE,-117.3558202,56.23044417,56.23044417,-117.3558202,10101 68 ST,PEACE RIVER,T8S1T6
57,Alberta,AB,PONOKA HOSPITAL AND CARE CENTRE,-113.5895358,52.68327291,52.68327291,-113.5895358,5800 57 AVE,PONOKA,T4J1P1
58,Alberta,AB,PETER LOUGHEED CENTRE,-113.9828456,51.07788896,51.07788896,-113.9828456,3500 26 AVE NE,CALGARY,T1Y6J4
59,Alberta,AB,PINCHER CREEK COMMUNITY HEALTH CENTRE,-113.9461273,49.49323166,49.49323166,-113.9461273,1222 BEVERLEY MCLAUGHLIN DR,PINCHER CREEK,T0K1W0
60,Alberta,AB,PROVOST HEALTH CENTRE,-110.2656244,52.35714617,52.35714617,-110.2656244,5002 54 AVE,PROVOST,T0B3S0
61,Alberta,AB,REDWATER HEALTH CENTRE,-113.1245673,53.95008479,53.95008479,-113.1245673,4812 58 ST,REDWATER,T0A0Z0
62,Alberta,AB,RIMBEY HOSPITAL AND CARE CENTRE,-114.245914,52.63968236,52.63968236,-114.245914,5228 50 AVE,RIMBEY,T0C2J0
63,Alberta,AB,ROCKY MOUNTAIN HOUSE HOSPITAL AND CARE CENTRE,-112.148667,49.78804071,49.78804071,-112.148667,5016 52 AVENUE,ROCKY MOUNTAIN HOUSE,T1G1M3
64,Alberta,AB,ROCKYVIEW GENERAK HOSPITAL,-114.0952274,50.99104654,50.99104654,-114.0952274,7007 14 ST SW,CALGARY,T2V1P9
65,Alberta,AB,RAYMOND HEALTH CENTRE,-112.6109445,49.26113869,49.26113869,-112.6109445,150 4 ST E,RAYMOND,T0K2S0
66,Alberta,AB,RED DEER REGIONAL HOSPITAL AND CARE CENTRE,-113.8158441,52.259763,52.259763,-113.8158441,3942 50A AVE,RED DEER,T4N4E7
67,Alberta,AB,SACRED HEART COMMUNITY HEALTH CENTRE,-116.9154563,55.71123308,55.71123308,-116.9154563,350 3 AVE NW,MCLENNAN,T0H2L0
68,Alberta,AB,ROYAL ALEXANDRA HOSPITAL,-113.497162,53.55596963,53.55596963,-113.497162,10240 KINGSWAY NW,EDMONTON,T5H3V9
69,Alberta,AB,SLAVE LAKE HEALTHCARE CENTRE,-114.7627747,55.28438735,55.28438735,-114.7627747,309 6 ST NE,SLAVE LAKE,T0G2A2
70,Alberta,AB,SOUTH HEALTH CAMPUS,-113.952246,50.8807401,50.8807401,-113.952246,4448 FRONT STREET SE,CALGARY,T3M1M4
71,Alberta,AB,ST MARY'S HOSPITAL,-112.8311511,53.01460828,53.01460828,-112.8311511,4607 53 ST,CAMROSE,T4V1Y5
72,Alberta,AB,ST JOSEPH'S GENERAL HOSPITAL-VEGREVILLE,-112.0345117,53.49441935,53.49441935,-112.0345117,5241 43 ST,VEGREVILLE,T9C1C6
73,Alberta,AB,STETTLER HOSPITAL & CARE CENTRE,-112.8428828,53.01643068,53.01643068,-112.8428828,5912 47 AVE,STETTLER,T4V0G9
74,Alberta,AB,ST. PAUL - ST. THERESE HEALTHCARE CENTRE,-111.2904677,53.98935699,53.98935699,-111.2904677,4713 48 AVE,ST. PAUL,T0A3A3
75,Alberta,AB,ST THERESA GENERAL HOSPITAL,-110.8396807,53.34833242,53.34833242,-110.8396807,4506 47 AV,FORT VERMILION,T0H1N0
76,Alberta,AB,STONY PLAIN - WESTVIEW HEALTH CENTRE,-113.9771514,53.53646436,53.53646436,-113.9771514,4405 S PARK DR ,STONY PLAIN,T7Z2M7
77,Alberta,AB,STRATHMORE DISTRICT HEALTH SERVICES,-113.3864867,51.0595792,51.0595792,-113.3864867,200 BRENT BLVD,STRATHMORE,T1P1J9
78,Alberta,AB,MYRON THOMPSON HEALTH CENTRE,-114.6373563,51.80779653,51.80779653,-114.6373563,709 1 ST NE,SUNDRE,T0M1X0
79,Alberta,AB,SWAN HILLS HEALTHCARE CENTRE,-115.4012659,54.72694397,54.72694397,-115.4012659,29 FREEMAN DR,SWAN HILLS,T0G2C0
80,Alberta,AB,STURGEON COMMUNITY HOSPITAL,-113.6266469,53.65409603,53.65409603,-113.6266469,201 BOUDREAU RD,ST. ALBERT,T8N6C4
81,Alberta,AB,TABER HEALTH CENTRE,-112.1644772,49.78591946,49.78591946,-112.1644772,4326 50 AVE,TABER,T1G1N9
82,Alberta,AB,TOFIELD HEALTH CENTRE,-112.6525709,53.372644,53.372644,-112.6525709,5543 44 ST,TOFIELD,T0B4J0
83,Alberta,AB,TWO HILLS HEALTH CENTRE,-111.732668,53.71336103,53.71336103,-111.732668,4401 53 AVE,TWO HILLS,T0B4K0
84,Alberta,AB,THREE HILLS HEALTH CENTRE,-113.251066,51.70713423,51.70713423,-113.251066,1504 2 ST N,THREE HILLS,T0M0B3
85,Alberta,AB,UNIVERSITY OF ALBERTA HOSPITAL,-113.5208458,53.52076677,53.52076677,-113.5208458,8440 112 ST NW,EDMONTON,T6G2B7
86,Alberta,AB,VIKING HEALTH CENTRE,-111.7764299,53.09962752,53.09962752,-111.7764299,5110 57 AVE,VIKING,T0B4N0
87,Alberta,AB,VERMILION HEALTH CENTRE,-110.8725311,53.35511468,53.35511468,-110.8725311,5720 50 AVE,VERMILION,T9X1K7
88,Alberta,AB,VULCAN COMMUNITY HEALTH CENTRE,-113.2573228,50.39734133,50.39734133,-113.2573228,610 ELIZABETH ST,VULCAN,T0L2B0
89,Alberta,AB,VALLEYVIEW HOSPITAL,-117.263496,55.09437903,55.09437903,-117.263496,4802 HIGHWAY ST,VALLEYVIEW,T0H3N0
90,Alberta,AB,WAINWRIGHT HEALTH CENTRE,-110.8666964,52.84065886,52.84065886,-110.8666964,530 6 AVE,WAINWRIGHT,T9W1R6
91,Alberta,AB,WESTLOCK HEALTHCARE CENTRE,-113.8532576,54.14630745,54.14630745,-113.8532576,10220 93 ST,WESTLOCK,T7P2G4
92,Alberta,AB,WABASCA/DESMARAIS HEALTHCARE CENTRE,-113.8020193,55.94323389,55.94323389,-113.8020193,881 MISTASSINIY RD,WABASCA,T0G2K0
93,Alberta,AB,WETASKIWIN HOSPITAL AND CARE CENTRE,-113.366107,52.98676402,52.98676402,-113.366107,6910 47 ST,WETASKIWIN,T9A3N3
94,Alberta,AB,WHITECOURT HEALTHCARE CENTRE,-115.6744119,54.13049788,54.13049788,-115.6744119,20 SUNSET BLVD,WHITECOURT,T7S1M8
95,Alberta,AB,WILLIAM J CADZOW- LAC LA BICHE HEALTHCARE CENTRE,-111.9637805,54.7647596,54.7647596,-111.9637805,9110 93 ST,LAC LA BICHE,T0A2C0
97,British Columbia,BC,ARROW LAKES HOSPITAL,-117.7984829,50.23939681,50.23939681,-117.7984829,97 1 AVE NW,NAKUSP,V0G1R0
98,British Columbia,BC,100 MILE DISTRICT GENERAL HOSPITAL,-121.2931307,51.63873468,51.63873468,-121.2931307,555 CEDAR S,100 MILE HOUSE,V0K2E0
99,British Columbia,BC,BOUNDARY HOSPITAL,-118.4675581,49.03003416,49.03003416,-118.4675581,7649 22 ST,GRAND FORKS,V0H1H2
100,British Columbia,BC,BELLA COOLA GENERAL HOSPITAL,-126.7575297,52.37387268,52.37387268,-126.7575297,1025 ELCHO ST,BELLA COOLA,V0T1C0
101,British Columbia,BC,ABBOTSFORD REGIONAL HOSPITAL AND CANCER CENTRE,-122.3131445,49.03769605,49.03769605,-122.3131445,32900 MARSHALL RD,ABBOTSFORD,V2S3P1
102,British Columbia,BC,BULKLEY VALLEY DISTRICT HOSPITAL,-127.1638689,54.78460753,54.78460753,-127.1638689,3950 8 AVE,SMITHERS,V0J2N0
103,British Columbia,BC,BURNABY HOSPITAL,-123.0163469,49.24881226,49.24881226,-123.0163469,3935 KINCAID ST ,BURNABY,V5G2X6
104,British Columbia,BC,CARIBOO MEMORIAL HOSPITAL,-122.1433601,52.13849241,52.13849241,-122.1433601,517 6 AVE N,WILLIAMS LAKE,V2G2G8
105,British Columbia,BC,CHETWYND GENERAL HOSPITAL,-121.6448539,55.69655986,55.69655986,-121.6448539,5500 HOSPITAL RD,CHETWYND,V0C1J0
106,British Columbia,BC,CAMPBELL RIVER HOSPITAL,-125.2427643,50.01114091,50.01114091,-125.2427643,375 2 AVE,CAMPBELL RIVER,V9W3V1
107,British Columbia,BC,CHILLIWACK GENERAL HOSPITAL,-121.9638157,49.16590895,49.16590895,-121.9638157,45600 MENHOLM RD,CHILLIWACK,V2P1P7
108,British Columbia,BC,COWICHAN DISTRICT HOSPITAL,-123.7235841,48.78496206,48.78496206,-123.7235841,3045 GIBBINS RD,NORTH COWICHAN,V9L1E5
109,British Columbia,BC,CORMORANT ISLAND COMMUNITY HEALTH CENTRE,-126.9455784,50.51723406,50.51723406,-126.9455784,49 SCHOOL RD,ALERT BAY,V0N1A0
110,British Columbia,BC,DAWSON CREEK AND DISTRICT HOSPITAL,-120.2373221,55.74977831,55.74977831,-120.2373221,11100 13 ST,DAWSON CREEK,V1G3W8
111,British Columbia,BC,DR. HELMCKEN MEMORIAL HOSPITAL,-120.0166171,51.64705187,51.64705187,-120.0166171,640 PARK DRIVE ,CLEARWATER,V0E1N0
112,British Columbia,BC,DELTA HOSPITAL,-123.0617881,49.08474401,49.08474401,-123.0617881,5800 MOUNTAIN VIEW BLVD,DELTA,V4K3V6
113,British Columbia,BC,EAGLE RIDGE HOSPITAL & HEALTH CARE CENTRE,-122.8229321,49.28376606,49.28376606,-122.8229321,475 GUILDFORD WAY,PORT MOODY,V3H3W9
114,British Columbia,BC,EAST KOOTENAY REGIONAL HOSPITAL,-115.748774,49.51252852,49.51252852,-115.748774,13 24 AVE N,CRANBROOK,V1C3H9
115,British Columbia,BC,FORT NELSON GENERAL HOSPITAL,-122.705026,58.80918066,58.80918066,-122.705026,5315 LIARD ST,FORT NELSON,V0C1R0
116,British Columbia,BC,ELK VALLEY HOSPITAL,-115.0568366,49.51358757,49.51358757,-115.0568366,1501 5TH AVE FERNIE,FERNIE,V0B1M0
117,British Columbia,BC,FRASER CANYON HOSPITAL,-121.4273399,49.37721078,49.37721078,-121.4273399,1275 7 AVE,HOPE,V0X1L4
118,British Columbia,BC,FORT ST JOHN GENERAL HOSPITAL,-120.8181967,56.25743612,56.25743612,-120.8181967,8407 112 AVE,FORT ST JOHN,V1J0J5
119,British Columbia,BC,GOLDEN AND DISTRICT GENERAL HOSPITAL,-116.9676852,51.29694084,51.29694084,-116.9676852,835 9 AVE,GOLDEN,V0A1H0
120,British Columbia,BC,G R BAKER MEMORIAL HOSPITAL,-122.4987504,52.98152768,52.98152768,-122.4987504,543 FRONT ST,QUESNEL,V2J2K7
121,British Columbia,BC,HAIDA GWAII HOSPITAL AND HEALTH CENTRE - XAAYDA GWAAY NGAAYSDLL NAAY,-132.0707382,53.25448301,53.25448301,-132.0707382,3209 COEANVIEW DRIVE,DAAJING GIIDS,V0T1S0
122,British Columbia,BC,KELOWNA GENERAL HOSPITAL,-119.4912273,49.87352481,49.87352481,-119.4912273,2268 PANDOSY ST,KELOWNA,V1Y1T2
123,British Columbia,BC,INVERMERE AND DISTRICT HOSPITAL,-116.0334123,50.50721806,50.50721806,-116.0334123,850 10 AVE,INVERMERE,V0A1K0
124,British Columbia,BC,KITIMAT GENERAL HOSPITAL,-128.6473114,54.05036228,54.05036228,-128.6473114,920 S LAHAKAS BLVD,KITIMAT,V8C2S3
125,British Columbia,BC,KOOTENAY LAKE REGIONAL HOSPITAL,-117.2850828,49.49446326,49.49446326,-117.2850828,3 VIEW ST,NELSON,V1L2V1
126,British Columbia,BC,KOOTENAY BOUNDARY REGIONAL HOSPITAL,-117.6989538,49.10383434,49.10383434,-117.6989538,1200 HOSPITAL BENCH ,TRAIL,V1R4M1
127,British Columbia,BC,LILLOOET DISTRICT HOSPITAL AND COMMUNITY HEALTH PROGRAMS,-121.9387787,50.68990093,50.68990093,-121.9387787,951 MURRAY ST,LILLOOET,V0K1V0
128,British Columbia,BC,LADY MINTO/GULF ISLANDS HOSPITAL,-123.5086209,48.86171204,48.86171204,-123.5086209,135 CROFTON RD ,SALTSPRING ISLAND,V8K1T1
129,British Columbia,BC,LAKES DISTRICT HOSPITAL AND HEALTH CENTRE,-125.7613051,54.23563305,54.23563305,-125.7613051,741 CENTRE ST,BURNS LAKE,V0J1E0
130,British Columbia,BC,MACKENZIE AND DISTRICT HOSPITAL,-123.1013016,55.33811518,55.33811518,-123.1013016,45 CENTENNIAL DR,MACKENZIE,V0J2C0
131,British Columbia,BC,MCBRIDE AND DISTRICT HOSPITAL,-120.1629832,53.30099176,53.30099176,-120.1629832,594 KING ST,MCBRIDE,V0J2E0
132,British Columbia,BC,LIONS GATE HOSPITAL,-123.0679556,49.32202534,49.32202534,-123.0679556,231 E 15 ST,NORTH VANCOUVER,V7L2L7
133,British Columbia,BC,LANGLEY MEMORIAL HOSPITAL,-122.613423,49.09303551,49.09303551,-122.613423,22051 FRASER HIGHWAY,LANGLEY,V4H4H4
134,British Columbia,BC,MILLS MEMORIAL HOSPITAL,-128.5947829,54.50961258,54.50961258,-128.5947829,4720 HAUGLAND AVE,TERRACE,V8G2W7
135,British Columbia,BC,MISSION MEMORIAL HOSPITAL,-122.3319182,49.13568527,49.13568527,-122.3319182,7324 HURD ST,MISSION,V2V3H5
136,British Columbia,BC,NICOLA VALLEY HEALTH CENTRE,-120.7724882,50.12098776,50.12098776,-120.7724882,3451 VOGHT ST,MERRITT,V1K1C6
137,British Columbia,BC,NANAIMO REGIONAL GENERAL HOSPITAL,-123.9696779,49.1835791,49.1835791,-123.9696779,1200 DUFFERIN CRES,NANAIMO,V9S2B7
138,British Columbia,BC,MOUNT SAINT JOSEPH HOSPITAL,-123.0964242,49.25793923,49.25793923,-123.0964242,3080 PRINCE EDWARD ST,VANCOUVER,V5T3N4
139,British Columbia,BC,NORTHERN HAIDA GWAII HOSPITAL AND HEALTH CENTRE,-132.1560218,54.02321371,54.02321371,-132.1560218,2520 HARRISON AVE,MASSET,V0T1M0
140,British Columbia,BC,NORTH ISLAND HOSPITAL COMMOX VALLEY,-124.968962,49.71300307,49.71300307,-124.968962,101 LERWICK ROAD,COURTENAY,V9N0B9
141,British Columbia,BC,PEACE ARCH DISTRICT HOSPITAL,-122.792917,49.02925103,49.02925103,-122.792917,15521 RUSSELL AVE,WHITE ROCK,V4B2R4
142,British Columbia,BC,PORT MCNEILL AND DISTRICT HOSPITAL,-127.0677239,50.58059111,50.58059111,-127.0677239,2750 KINGCOME PL,PORT MCNEILL,V0N2R0
143,British Columbia,BC,PENTICTON REGIONAL HOSPITAL,-119.5780219,49.48264293,49.48264293,-119.5780219,550 CARMI AVE,PENTICTON,V2A3G6
144,British Columbia,BC,PORT HARDY HOSPITAL,-127.5018557,50.72124326,50.72124326,-127.5018557,9120 GRANVILLE ST,PORT HARDY,V0N2P0
145,British Columbia,BC,PRINCE RUPERT REGIONAL HOSPITAL,-130.3323288,54.30462086,54.30462086,-130.3323288,1305 SUMMIT AVE,PRINCE RUPERT,V8J2A6
146,British Columbia,BC,QUEEN VICTORIA HOSPITAL AND HEALTH CENTRE,-118.1918993,50.97680065,50.97680065,-118.1918993,1200 NEWLANDS RD,REVELSTOKE,V0E2S1
147,British Columbia,BC,PRINCETON GENERAL HOSPITAL,-120.526519,49.45342072,49.45342072,-120.526519,98 RIDGEWOOD DRIVE,PRINCETON,V0X1W0
148,British Columbia,BC,POWELL RIVER GENERAL HOSPITAL,-124.5212939,49.85060605,49.85060605,-124.5212939,5000 JOYCE AVE,POWELL RIVER,V8A5R3
149,British Columbia,BC,RICHMOND HOSPITAL,-123.1468262,49.17013595,49.17013595,-123.1468262,7000 WESTMINSTER HWY,RICHMOND,V6X1A2
150,British Columbia,BC,ROYAL INLAND HOSPITAL,-120.3336738,50.67137211,50.67137211,-120.3336738,311 COLUMBIA ST,KAMLOOPS,V2C2T1
151,British Columbia,BC,ROYAL JUBILEE HOSPITAL,-123.328746,48.43363698,48.43363698,-123.328746,1952 BAY ST,VICTORIA,V8R1J8
152,British Columbia,BC,RIDGE MEADOWS HOSPITAL & HEALTH CARE CENTRE,-122.6319299,49.21510402,49.21510402,-122.6319299,11666 LAITY ST,MAPLE RIDGE,V2X5A3
153,British Columbia,BC,ROYAL COLUMBIAN HOSPITAL,-122.8927528,49.22668749,49.22668749,-122.8927528,330 COLUMBIA ST E,NEW WESTMINSTER,V3L3W7
154,British Columbia,BC,SOUTH OKANAGAN GENERAL HOSPITAL,-119.539906,49.18453463,49.18453463,-119.539906,911 MCKINNEY ROAD,OLIVER,V0H1T0
155,British Columbia,BC,SQUAMISH GENERAL HOSPITAL,-123.1415959,49.6988224,49.6988224,-123.1415959,38140 BEHRNER DR,SQUAMISH,V8B0J3
156,British Columbia,BC,SHUSWAP LAKE GENERAL HOSPITAL,-119.2737911,50.70440259,50.70440259,-119.2737911,601 10 ST NE,SALMON ARM,V1E0A6
157,British Columbia,BC,SAANICH PENINSULA HOSPITAL,-123.4099641,48.59411555,48.59411555,-123.4099641,2166 MOUNT NEWTON CROSS RD,SAANICHTON,V8M2B2
158,British Columbia,BC,ST JOHN HOSPITAL,-124.0092413,54.02826356,54.02826356,-124.0092413,3255 HOSPITAL RD,VANDERHOOF,V0J3A2
159,British Columbia,BC,ST. PAUL'S HOSPITAL,-123.1279299,49.27991285,49.27991285,-123.1279299,1081 BURRARD ST ,VANCOUVER,V6Z1Y6
160,British Columbia,BC,SURREY MEMORIAL HOSPITAL,-122.8424354,49.17704042,49.17704042,-122.8424354,13750 96 AVE,SURREY,V3V1Z2
161,British Columbia,BC,TOFINO GENERAL HOSPITAL,-125.9082018,49.15178176,49.15178176,-125.9082018,261 NEILL ST,TOFINO,V0R2Z0
162,British Columbia,BC,STUART LAKE HOSPITAL,-124.2417569,54.44064604,54.44064604,-124.2417569,600 STUART DR E,FORT ST JAMES,V0J1P0
163,British Columbia,BC,UBC HEALTH SCIENCES CENTRE HOSPITAL,-123.2448763,49.26546266,49.26546266,-123.2448763,2211 WESBROOK MALL,VANCOUVER,V6T2B5
164,British Columbia,BC,VANCOUVER GENERAL HOSPITAL,-123.1231883,49.26053821,49.26053821,-123.1231883,855 W 12 AVE,VANCOUVER,V5Z1M9
165,British Columbia,BC,UNIVERSITY HOSPITAL OF NORTHERN BRITISH COLUMBIA,-122.7631455,53.9111913,53.9111913,-122.7631455,1475 EDMONTON STREET,PRICE GEORGE,V2M1S2
166,British Columbia,BC,ST. MARY'S HOSPITAL,-123.7491691,49.47435302,49.47435302,-123.7491691,5544 SUNSHINE COAST HIGHWAY ,SECHELT,V0N3A3
167,British Columbia,BC,VERNON JUBILEE HOSPITAL,-119.2736756,50.25740391,50.25740391,-119.2736756,2101 32 ST,VERNON,V1T5L2
168,British Columbia,BC,VICTORIA GENERAL HOSPITAL,-123.4365882,48.46724082,48.46724082,-123.4365882,1 HOSPITAL WAY,VICTORIA,V8Z6R5
169,British Columbia,BC,WRINCH MEMORIAL HOSPITAL,-127.6669148,55.25417423,55.25417423,-127.6669148,2510 HWY 62,HAZELTON,V0J1Y0
170,British Columbia,BC,WHISTLER HEALTH CARE CENTRE,-122.9550756,50.12007135,50.12007135,-122.9550756,4380 LORIMER RD,WHISTLER,V8E1A7
171,British Columbia,BC,BINGHAM MEMORIAL HOSPITAL,-117.6607123,49.32406193,49.32406193,-117.6607123,507 8TH AVE,MATHESON,V1N1N7
172,British Columbia,BC,GREY BRUCE HEALTH SERVICES - LION'S HEAD HOSPITAL,-81.249129,44.98647991,44.98647991,-81.249129,22 MOORE STREET,LION'S HEAD ,V8C1G7
173,British Columbia,BC,RW LARGE MEMORIAL HOSPITAL,-128.1435691,52.16166926,52.16166926,-128.1435691,88 WAGLISLA ST,BELLA BELLA,V0T1Z0
174,British Columbia,BC,WEST COAST GENERAL HOSPITAL,-124.7821511,49.24885036,49.24885036,-124.7821511,3949 PORT ALBERNI HWY,PORT ALBERNI,V9Y4S1
175,Manitoba,MB,ALTONA COMMUNITY MEMORIAL HEALTH CENTRE,-97.55159434,49.10712027,49.10712027,-97.55159434,240 5 AVE NE,ALTONA,R0G0B0
176,Manitoba,MB,ARBORG AND DISTRICTS HEALTH CENTRE,-97.22617608,50.90618269,50.90618269,-97.22617608,234 GISLASON DRIVE,ARBORG,R0C0A0
177,Manitoba,MB,BALDUR HEALTH CENTRE,-99.23885435,49.38493814,49.38493814,-99.23885435,531 ELIZABETH AVE E,BALDUR,R0K0B0
178,Manitoba,MB,BETHESDA HOSPITAL,-96.67941798,49.52974181,49.52974181,-96.67941798,316 HENRY ST,STEINBACH,R5G0P9
179,Manitoba,MB,ASHERN - LAKESHORE GENERAL HOSPITAL,-98.33057915,51.17355778,51.17355778,-98.33057915,"1 STEENSON DR, BOX 110",ASHERN,R0C0E0
180,Manitoba,MB,BIRTLE HEALTH CENTRE,-101.0510203,50.40546855,50.40546855,-101.0510203,843 GERTRUDE ST,BIRTLE,R0M0C0
181,Manitoba,MB,BEAUSEJOUR DISTRICT HOSPITAL,-96.49052936,50.08730282,50.08730282,-96.49052936,151 1ST SREET S,BEAUSEJOUR,R0E0C0
182,Manitoba,MB,BOISSEVAIN HEALTH CENTRE,-100.0595314,49.22530865,49.22530865,-100.0595314,305 MILL RD,BOISSEVAIN,R0K0E0
183,Manitoba,MB,BRANDON REGIONAL HEALTH CENTRE,-99.93687701,49.8405419,49.8405419,-99.93687701,150 MCTAVISH AVE EAST,BRANDON,R7A2B3
184,Manitoba,MB,CARBERRY PLAINS DISTRICT HEALTH CENTRE,-99.34104943,49.89358468,49.89358468,-99.34104943,340 TORONTO STREET,CARBERRY,R0K0H0
185,Manitoba,MB,BOUNDARY TRAILS HEALTH CENTRE,-98.00153396,49.192471,49.192471,-98.00153396,HWY 3 AND MANITOBA 14,WINKLER,R6W1H8
186,Manitoba,MB,CARMAN MEMORIAL HOSPITAL,-98.00718521,49.49709203,49.49709203,-98.00718521,350 4 ST SW,CARMAN,R0G0J0
187,Manitoba,MB,CENTRE MEDICO SOCIAL DE SALABERRY DISTRICT HEALTH CENTRE,-96.98944455,49.4354534,49.4354534,-96.98944455,354 PREFONTAINE AVENUE,SAINT PIERRE JOLYS,R0A1V0
188,Manitoba,MB,CHURCHILL HEALTH CENTRE,-94.17069114,58.77149745,58.77149745,-94.17069114,162 LA VERENDRYE AVE,CHURCHILL,R0B0E0
189,Manitoba,MB,DAUPHIN REGIONAL HEALTH CENTRE,-100.0618828,51.14704457,51.14704457,-100.0618828,625 3RD STREET SW,DAUPHIN,R7N1R7
190,Manitoba,MB,DELORAINE HEALTH CENTRE,-100.4983254,49.19402253,49.19402253,-100.4983254,109 KELLETT ST,DELORAINE,R0M0M0
191,Manitoba,MB,EMERSON HOSPITAL,-97.2157069,49.00511748,49.00511748,-97.2157069,26 MAIN ST,EMERSON,R0A0L0
192,Manitoba,MB,ERICKSON DISTRICT HEALTH CENTRE,-99.90865263,50.49643496,50.49643496,-99.90865263,60 QUEEN ELIZABETH ST,ERICKSON,R0J0P0
193,Manitoba,MB,EM CROWE MEMORIAL HOSPITAL,-98.10476733,50.86398762,50.86398762,-98.10476733,40 RAILWAY AVENUE,ERIKSDALE,R0C0W0
194,Manitoba,MB,GILLAM HOSPITAL,-94.70832791,56.34677528,56.34677528,-94.70832791,115 GILLAM DRIVE,GILLAM,R0B0L0
195,Manitoba,MB,GIMLI COMMUNITY HEALTH CENTRE (JOHNSON MEMORIAL HOSPITAL),-96.99332939,50.62797262,50.62797262,-96.99332939,120-6th AVENUE,GIMLI,R0C1B0
196,Manitoba,MB,FLIN FLON GENERAL HOSPITAL,-101.877314,54.76560567,54.76560567,-101.877314,50 CHURCH STREET,FLIN FLON,R8A1N2
197,Manitoba,MB,GLENBORO HEALTH DISTRICT HOSPITAL,-99.28586516,49.56005664,49.56005664,-99.28586516,219 MURRAY AVENUE,GLENBORO,R0K0X0
198,Manitoba,MB,GLADSTONE HEALTH CENTRE,-98.94375191,50.22538319,50.22538319,-98.94375191,24 MILL ST,GLADSTONE,R0J0T0
199,Manitoba,MB,HAMIOTA DISTRICT HEALTH CENTRE,-100.5903521,50.1816434,50.1816434,-100.5903521,177 BIRCH AVE,HAMIOTA,R0M0T0
200,Manitoba,MB,GRACE GENERAL HOSPITAL,-97.27479303,49.88250497,49.88250497,-97.27479303,300 BOOTH DR,WINNIPEG,R3J3M7
201,Manitoba,MB,GRANDVIEW DISTRICT HOSPITAL,-100.7290664,51.12609136,51.12609136,-100.7290664,64 MILL ST,GRANDVIEW,R0L0Y0
202,Manitoba,MB,HEALTH SCIENCES CENTRE,-97.15650334,49.90309206,49.90309206,-97.15650334,700 WILLIAM AVENUE,WINNIPEG,R3E3J7
203,Manitoba,MB,LYNN LAKE HOSPITAL,-101.0434382,56.8577222,56.8577222,-101.0434382,64 CAMP ST,LYNN LAKE,R0B0W0
204,Manitoba,MB,MACGREGOR AND DISTRICT HEALTH CENTRE,-98.77511674,49.9623851,49.9623851,-98.77511674,87 GRAFTON ST,MACGREGOR,R0H0R0
205,Manitoba,MB,MELITA HEALTH CENTRE,-100.9979676,49.26983106,49.26983106,-100.9979676,147 SUMMIT ST,MELITA,R0M1L0
206,Manitoba,MB,MISERICORDIA HEALTH CENTRE,-97.16040294,49.8788355,49.8788355,-97.16040294,99 CORNISH AVE,WINNIPEG,R3C1A2
207,Manitoba,MB,LORNE MEMORIAL HOSPITAL,-98.79290255,49.40177144,49.40177144,-98.79290255,9 2ST N,SWAN LAKE,R0G2S0
208,Manitoba,MB,MINNEDOSA HEALTH CENTRE,-99.88313418,50.22745264,50.22745264,-99.88313418,334 1 ST SW,MINNEDOSA,R0J1E0
209,Manitoba,MB,NEEPAWA HEALTH CENTRE (MEMORIAL HOSPITAL),-99.46224093,50.23442295,50.23442295,-99.46224093,500 HOSPITAL ST,NEEPAWA,R0J1H0
210,Manitoba,MB,MORRIS GENERAL HOSPITAL,-97.36079538,49.35282506,49.35282506,-97.36079538,215 RAILROAD AVE ,MORRIS,R0G1K0
211,Manitoba,MB,PEMBINA-MANITOU HEALTH CENTRE,-98.51897508,49.23829352,49.23829352,-98.51897508,232 CARRIE ST,MANITOU,R0G1G0
212,Manitoba,MB,PINAWA HOSPITAL,-95.88241701,50.15189192,50.15189192,-95.88241701,30 VANIER DRIVE,PINAWA,R0E1L0
213,Manitoba,MB,NOTRE-DAME HEALTH CENTRE,-98.5610581,49.53150917,49.53150917,-98.5610581,39 ROCH ST,NOTRE DAME DE LOURDES,R0G1M0
214,Manitoba,MB,MCCREARY/ALONSA HEALTH CENTRE,-99.40293679,50.78267578,50.78267578,-99.40293679,613 PROVINCAL TRUNK HWY 50,MCCREARY,R0J1B0
215,Manitoba,MB,PINE FALLS HEALTH COMPLEX,-96.21532366,50.56271754,50.56271754,-96.21532366,37 MAPLE ST,POWERVIEW-PINE FALLS,R0E1M0
216,Manitoba,MB,PORTAGE DISTRICT GENERAL HOSPITAL,-98.28352448,49.96752622,49.96752622,-98.28352448,524 5 ST SE,PORTAGE LA PRAIRIE,R1N3A8
217,Manitoba,MB,RIVERS HEALTH centre,-100.2287821,50.02340267,50.02340267,-100.2287821,512 QUEBEC ST,RIVERS,R0K1X0
218,Manitoba,MB,ROCK LAKE DISTRICT HOSPITAL,-97.12314982,49.92201722,49.92201722,-97.12314982,135 MACHRAY AVE,CRYSTAL CITY,R2W0Z2
219,Manitoba,MB,ROBLIN & DISTRICT HEALTH CENTRE,-101.3613181,51.22728566,51.22728566,-101.3613181,15 HOSPITAL ST,ROBLIN,R0L1P0
220,Manitoba,MB,ROSSBURN DISTRICT HEALTH CENTRE,-100.8052797,50.66675403,50.66675403,-100.8052797,166 PARKVIEW DRIVE,ROSSBURN,R0J1V0
221,Manitoba,MB,RUSSELL HEALTH CENTRE,-101.2761531,50.77295139,50.77295139,-101.2761531,426 ALEXANDRIA AVE S,RUSSELL,R0J1W0
222,Manitoba,MB,SHOAL LAKE/STRATHCLAIR HEALTH CENTRE,-100.6366137,50.41532102,50.41532102,-100.6366137,526 MARY STREET,SHOAL LAKE,R0J1Z0
223,Manitoba,MB,SOURIS HEALTH CENTRE,-100.2490915,49.61404326,49.61404326,-100.2490915,155 BRINDLE ST,SOURIS,R0K2C0
224,Manitoba,MB,SELKIRK & DISTRICT GENERAL HOSPITAL,-96.87086995,50.14237404,50.14237404,-96.87086995,120 EASTON DR,SELKIRK,R1A2M2
225,Manitoba,MB,ST CLAUDE HEALTH DISTRICT HOSPITAL,-98.34540825,49.65394427,49.65394427,-98.34540825,33 ROY ST,SAINT CLAUDE,R0G1Z0
226,Manitoba,MB,ST BONIFACE GENERAL HOSPITAL,-97.1236498,49.88414657,49.88414657,-97.1236498,409 TACHÉ AVE,WINNIPEG,R2H2A6
227,Manitoba,MB,STE ANNE HOSPITAL,-96.64841835,49.66783605,49.66783605,-96.64841835,52 GERARD ST,STE ANNE,R5H1C4
228,Manitoba,MB,STONEWALL & DISTRICT HEALTH CENTRE,-97.33563375,50.13034243,50.13034243,-97.33563375,589 3 AVE S,STONEWALL,R0C2Z0
229,Manitoba,MB,TEULON/HUNTER MEMORIAL HOSPITAL,-97.25489263,50.38618464,50.38618464,-97.25489263,162 3RD AVENUE,TEULON,R0C3B0
230,Manitoba,MB,THE PAS HEALTH COMPLEX INC (ST ANTHONY GENERAL HOSPITAL),-101.2513878,53.82783759,53.82783759,-101.2513878,67 1 ST W,THE PAS,R9A1K4
231,Manitoba,MB,THOMPSON GENERAL HOSPITAL,-97.85692283,55.73396279,55.73396279,-97.85692283,871 THOMPSON DR,THOMPSON,R8N0C8
232,Manitoba,MB,TIGER HILLS HEALTH CENTRE,-98.69792779,49.634018,49.634018,-98.69792779,64 CLARK STREET,TREHERNE,R0G2V0
233,Manitoba,MB,VIRDEN HEALTH CENTRE,-100.9238927,49.85639191,49.85639191,-100.9238927,480 KING ST E,VIRDEN,R0M2C0
234,Manitoba,MB,TRI-LAKE HEALTH CENTRE,-99.69021755,49.15473592,49.15473592,-99.69021755,86 ELLIS DR,KILLARNEY,R0K1G0
235,Manitoba,MB,WAWANESA & DISTRICT MEMORIAL HEALTH CENTRE,-99.69322808,49.59509253,49.59509253,-99.69322808,506 GEORGE STREET,WAWANESA,R0K2G0
236,Manitoba,MB,VITA AND DISTRICT HEALTH CENTRE,-96.56543298,49.13523144,49.13523144,-96.56543298,217 1 AVE W,VITA,R0A2K0
237,Manitoba,MB,WINNIPEGOSIS GENERAL HOSPITAL,-99.93123398,51.64062966,51.64062966,-99.93123398,230 BRIDGE ST,Winnipegosis,R0L2G0
238,Manitoba,MB,STE ROSE GENERAL HOSPITAL,-99.51956234,51.05790089,51.05790089,-99.51956234,480 3RD AVE SE,STE ROSE DU LAC,R0L1S0
239,Manitoba,MB,SNOW LAKE HEALTH CENTRE,-100.0164557,54.8754863,54.8754863,-100.0164557,100 LAKESHORE DRIVE,SNOW LAKE,R0B1M0
240,New Brunswick,NB,CHALEUR REGIONAL HOSPITAL,-65.69456231,47.64620415,47.64620415,-65.69456231,1750 SUNSET DR,BATHURST,E2A4L7
241,New Brunswick,NB,CAMPBELLTON REGIONAL HOSPITAL,-66.66081906,47.99514387,47.99514387,-66.66081906,189 LILY LAKE RD ,CAMPBELLTON,E3N3K2
242,New Brunswick,NB,CHARLOTTE COUNTY HOSPITAL,-67.26761395,45.19398018,45.19398018,-67.26761395,4 GARDEN ST,ST. STEPHEN,E3L2L9
243,New Brunswick,NB,DR. GEORGES-L.-DUMONT UNIVERSITY HOSPITAL CENTRE,-64.78604405,46.09812095,46.09812095,-64.78604405,330 UNIVERSITÉ AVE,MONCTON,E1C2Z3
244,New Brunswick,NB,DR EVERETT CHALMERS REGIONAL HOSPITAL,-66.65151028,45.93903771,45.93903771,-66.65151028,700 PRIESTMAN ST,FREDERICTON,E3B3B7
245,New Brunswick,NB,GRAND FALLS GENERAL  HOSPITAL,-67.75484249,47.04606307,47.04606307,-67.75484249,625 EVERARD H. DAIGLE BOULEVARD  ,GRAND FALLS,E3Z2R9
246,New Brunswick,NB,L'HÔTEL-DIEU SAINT-JOSEPH DE PERTH-ANDOVER INC,-67.70913715,46.72942595,46.72942595,-67.70913715,10 WOODLAND HILL,PERTH-ANDOVER,E7H5H5
247,New Brunswick,NB,MIRAMICHI REGIONAL HOSPITAL,-65.54129745,47.00439667,47.00439667,-65.54129745,500 WATER ST,MIRAMICHI,E1V3G5
248,New Brunswick,NB,OROMOCTO PUBLIC HOSPITAL,-66.4735463,45.84920806,45.84920806,-66.4735463,103 WINNEBAGO ST,OROMOCTO,E2V1C6
249,New Brunswick,NB,MONCTON HOSPITAL,-64.80656672,46.1051423,46.1051423,-64.80656672,135 MACBEATH AVE,MONCTON,E1C6Z8
250,New Brunswick,NB,SACKVILLE MEMORIAL HOSPITAL,-64.3719119,45.89146752,45.89146752,-64.3719119,8 MAIN ST,SACKVILLE,E4L4A3
251,New Brunswick,NB,ST. JOSEPH'S HOSPITAL,-66.05796266,45.27911928,45.27911928,-66.05796266,130 BAYARD DR,SAINT JOHN,E2L3L6
252,New Brunswick,NB,SUSSEX HEALTH CENTRE,-65.49126,45.72747743,45.72747743,-65.49126,75 LEONARD DR,SUSSEX,E4E2P7
253,New Brunswick,NB,SAINT JOHN REGIONAL HOSPITAL,-66.08394304,45.30037206,45.30037206,-66.08394304,400 UNIVERSITY AVE,SAINT JOHN,E2K4K8
254,New Brunswick,NB,UPPER RIVER VALLEY HOSPITAL,-67.54001381,46.37545478,46.37545478,-67.54001381,11300 ROUTE 130  CARLETON COUNTY,WATERVILLE,E7L4A8
255,New Brunswick,NB,ENFANT-JESUS RHSJ HOSPITAL,-64.93869388,47.79465558,47.79465558,-64.93869388,1 SAINT-PIERRE BOULEVARD WEST,CARAQUET,E1W1B6
256,Newfoundland and Labrador,NL,BAIE VERTE PENINSULA HEALTH CENTRE,-56.1760237,49.85432765,49.85432765,-56.1760237,,BAIE VERTE,A0K1B0
257,Newfoundland and Labrador,NL,BONNE BAY HEALTH CENTRE,-57.86169014,49.54796105,49.54796105,-57.86169014,,NORRIS POINT,A0K3V0
258,Newfoundland and Labrador,NL,BONAVISTA PENINSULA HEALTH CENTRE,-53.1102784,48.63518985,48.63518985,-53.1102784,20-24 HOSPITAL ROAD,BONAVISTA,A0C1B0
259,Newfoundland and Labrador,NL,CARBONEAR GENERAL HOSPITAL,-53.22687294,47.72373705,47.72373705,-53.22687294,86 HIGHROAD S,CARBONEAR,A1Y1A4
260,Newfoundland and Labrador,NL,Central Newfoundland Regional Health Centre,-55.64807653,48.93259415,48.93259415,-55.64807653,50 UNION ST,GRAND FALLS WINDSOR,A2A2E1
261,Newfoundland and Labrador,NL,DR A A WILKINSON MEMORIAL HOSPITAL,-52.9964561,48.08524493,48.08524493,-52.9964561,OLD PERLICAN,OLD PERLICAN,A0A3G0
263,Newfoundland and Labrador,NL,DR G B CROSS MEMORIAL HOSPITAL,-53.97971156,48.16276583,48.16276583,-53.97971156,67 MANITOBA DR,CLARENVILLE,A0E1J0
264,Newfoundland and Labrador,NL,DR CHARLES L LEGROW HEALTH CENTRE,-59.20924972,47.59900934,47.59900934,-59.20924972,2 GRAND BAY RD,GRAND BAY EAST,A0N1K0
265,Newfoundland and Labrador,NL,DR S BECKLEY HEALTH CENTRE,-55.75653408,47.09361,47.09361,-55.75653408,3 GRANDVIEW BOULEVARD,GRAND BANK,A0E1W0
266,Newfoundland and Labrador,NL,DR WALTER TEMPLAMEN HEALTH CENTRE,-52.99553996,47.61243543,47.61243543,-52.99553996,"WABANA, PO BOX 580",BELL ISLAND,A0A4H0
267,Newfoundland and Labrador,NL,LABRABOR SOUTH HEALTH CENTRE,-56.98007184,51.441559,51.441559,-56.98007184,,FORTEAU,A0K2P0
268,Newfoundland and Labrador,NL,DR WM H NEWHOOK COMMUNITY HEALTH CENTRE,-53.57447851,47.42484371,47.42484371,-53.57447851,7 WHITBOURNE AVE,WHITBOURNE,A0B3K0
269,Saskatchewan,SK,JAMES PATON MEMORIAL HOSPITAL,-54.63353858,48.95934241,48.95934241,-54.63353858,125 TRANS-CANADA HWY,GANDER,S7K0T4
270,Newfoundland and Labrador,NL,FOGO ISLAND HOSPITAL,-54.23606422,49.70585108,49.70585108,-54.23606422,Main St,FOGO,A0G2B0
271,Newfoundland and Labrador,NL,LABRADOR WEST HEALTH CENTRE,-66.92877944,52.94105738,52.94105738,-66.92877944,1700 NICHOLAS-ADAM HWY,LABRADOR CITY,A2V0B2
272,Newfoundland and Labrador,NL,NOTRE DAME BAY MEMORIAL HEALTH CENTRE,-54.76087614,49.65274142,49.65274142,-54.76087614,6 HOSPITAL LANE,TWILLINGATE,A0G4M0
273,Newfoundland and Labrador,NL,RUFUS GUINCHARD HEALTH CENTRE,-57.23452002,50.65600569,50.65600569,-57.23452002,,PORT SAUNDERS,A0K4H0
274,Newfoundland and Labrador,NL,LABRADOR HEALTH CENTRE,-60.33439677,53.29701642,53.29701642,-60.33439677,227 HAMILTON RIVER RD,HAPPY VALLEY-GOOSE BAY,A0P1C0
275,Newfoundland and Labrador,NL,Strait of Belle Isle Health Centre,-56.71506126,51.30855577,51.30855577,-56.71506126,259 Vikings Trail,FLOWERS COVE,A0K2N0
276,Newfoundland and Labrador,NL,PLACENTIA HEALTH CENTRE,-53.8965979,47.18815112,47.18815112,-53.8965979,1 CORRIGAN PLACE,PLACENTIA,A0B2Y0
277,Newfoundland and Labrador,NL,SIR THOMAS RODDICK HOSPITAL,-58.56442269,48.55578193,48.55578193,-58.56442269,142 MINNESOTA DRIVE,STEPHENVILLE,A2N2V6
278,Newfoundland and Labrador,NL,US MEMORIAL HEALTH CENTRE,-55.42844435,46.90710704,46.90710704,-55.42844435,,ST LAWRENCE,A0E2V0
279,Newfoundland and Labrador,NL,ST. CLARE'S MERCY HOSPITAL,-52.71984391,47.55824241,47.55824241,-52.71984391,154 LEMARCHANT ROAD,ST. JOHN'S,A1C5B8
280,Newfoundland and Labrador,NL,THE GENERAL HOSPITAL (HEALTH SCIENCES CENTRE),-52.73585586,47.57243377,47.57243377,-52.73585586,300 PRINCE PHILIP DR,ST. JOHN'S,A1B3V6
281,Newfoundland and Labrador,NL,White Bay Central Health Centre,-56.11420047,50.86817819,50.86817819,-56.11420047,63 Cloud Dr,RODDICKTON-BIDE ARM,A0K4P0
282,Newfoundland and Labrador,NL,Burin Peninsula Health Care Centre,-55.18175053,47.07265438,47.07265438,-55.18175053,51-85 Main Street,Burin,A)E!E)
283,Newfoundland and Labrador,NL,WATERFORD HOSPITAL,-52.74910153,47.52809723,47.52809723,-52.74910153,306 WATERFORD BRIDGE RD,ST JOHN'S,A1E4J8
284,Newfoundland and Labrador,NL,WESTERN MEMORIAL REGIONAL HOSPITAL,-57.92912699,48.94795114,48.94795114,-57.92912699,1 BROOKFIELD AVE,CORNER BROOK,A2H6J7
285,Newfoundland and Labrador,NL,AM GUY MEMORIAL HEALTH CENTRE,-56.85784416,48.82377531,48.82377531,-56.85784416,,BUCHANS,A0H1G0
286,Newfoundland and Labrador,NL,CONNAIGRE PENINSULA HEALTH CENTRE,-55.82656195,47.47795746,47.47795746,-55.82656195,1 ALEXANDER AVENUE,HARBOUR BRETON,A0H1P0
287,Newfoundland and Labrador,NL,DR YK JEON KITTIWAKE HEALTH CENTRE,-53.59069822,49.13493698,49.13493698,-53.59069822,HWY 26,NEW-WES-VALLEY,A0G1B0
288,Newfoundland and Labrador,NL,GREEN BAY COMMUNITY HEALTH CENTRE,-56.04755986,49.50794669,49.50794669,-56.04755986,326 MAIN ST,SPRINGDALE,A0J1T0
292,New Brunswick,NB,HÔTEL-DIEU ST-JOSEPH DE SAINT-QUENTIN,-67.39245259,47.49747193,47.49747193,-67.39245259,9 RUE CANADA,SAINT QUENTIN,E8A1J2
293,New Brunswick,NB,GRAND MANAN HOSPITAL,-66.76327567,44.76212714,44.76212714,-66.76327567,196 RTE 776,GRAND MANAN,E5G1A3
294,New Brunswick,NB,EDMUNDSTON REGIONAL HOSPITAL,-68.31079645,47.37831019,47.37831019,-68.31079645,275 BOULEVARD HÉBERT,EDMUNDSTON,E3V4E4
295,New Brunswick,NB,TRACADIE-SHEILA HOSPITAL,-64.90787922,47.51160197,47.51160197,-64.90787922,400 RUE DES HOSPITALIÈRES,TRACADIE-SHEILA,E1X1G5
296,Nova Scotia,NS,EASTERN SHORE MEMORIAL HOSPITAL,-62.53346273,44.92007028,44.92007028,-62.53346273,22637 RTE 7,SHEET HARBOUR,B0J3B0
297,Nova Scotia,NS,CAPE BRETON REGIONAL HOSPITAL,-60.17009018,46.11673786,46.11673786,-60.17009018,1482 GEORGE ST,SYDNEY,B1P1P3
298,Nova Scotia,NS,ABERDEEN HOSPITAL - NEW GLASGOW,-62.64299178,45.57331228,45.57331228,-62.64299178,835 E RIVER RD,NEW GLASGOW,B2H3S6
299,Nova Scotia,NS,COLCHESTER REGIONAL HOSPITAL,-63.30393104,45.35083309,45.35083309,-63.30393104,600 ABENAKI ROAD,TRURO,B2N5A1
300,Nova Scotia,NS,CUMBERLAND REGIONAL HEALTH CARE CENTRE,-64.19836736,45.80068279,45.80068279,-64.19836736,19428 HIGHWAY 2,AMHERST,B4H1N6
301,Nova Scotia,NS,DARTMOUTH GENERAL HOSPITAL,-63.54870835,44.65387872,44.65387872,-63.54870835,325 PLEASANT ST,HALIFAX,B2Y4G8
302,Nova Scotia,NS,DIGBY GENERAL HOSPITAL,-65.76187503,44.61706397,44.61706397,-65.76187503,75 WARWICH STREET,DIGBY,B0V1A0
303,Nova Scotia,NS,EASTERN MEMORIAL HOSPITAL,-60.98346317,45.3330487,45.3330487,-60.98346317,1746 UNION ST,CANSO,B0H1H0
304,Nova Scotia,NS,GUYSBOROUGH MEMORIAL HOSPITAL,-61.50797904,45.4018552,45.4018552,-61.50797904,10560 HWY 16 ,GUYSBOROUGH,B0H1G0
305,Nova Scotia,NS,GLACE BAY HEALTHCARE FACILITY,-59.93752437,46.18369147,46.18369147,-59.93752437,300 SOUTH ST,CAPE BRETON,B1A1W5
306,Nova Scotia,NS,HANTS COMMUNITY HOSPITAL,-64.121609,44.98647896,44.98647896,-64.121609,89 PAYZANT DR,WINDSOR,B0N2T0
307,Nova Scotia,NS,INVERNESS CONSOLIDATED MEMORIAL HOSPITAL,-61.30460314,46.22653917,46.22653917,-61.30460314,39 JAMES STREET,INVERNESS,B0E1N0
308,Nova Scotia,NS,QUEENS GENERAL HOSPITAL,-64.70590049,44.03718639,44.03718639,-64.70590049,175 SCHOOL ST,LIVERPOOL,B0T1K0
309,Nova Scotia,NS,HALIFAX INFIRMARY ROBIE STREET ENTRANCE,-63.58899345,44.64462975,44.64462975,-63.58899345,1799 ROBIE STREET,HALIFAX,B3K4N1
310,Nova Scotia,NS,ROSEWAY HOSPITAL,-65.30950589,43.74816534,43.74816534,-65.30950589,1606 LAKE ROAD PO BOX 610,SHELBURNE,B0T1W0
311,Nova Scotia,NS,ST MARTHA'S REGIONAL HOSPITAL,-61.98041168,45.62737655,45.62737655,-61.98041168,25 BAY ST,ANTIGONISH,B2G2G5
312,Nova Scotia,NS,ST MARY'S MEMORIAL HOSPITAL,-64.29636189,44.3700465,44.3700465,-64.29636189,91 HOSPITAL RD,SHERBROOKE,B0J3C0
313,Nova Scotia,NS,STRAIT RICHMOND HOSPITAL,-61.222751,45.6161417,45.6161417,-61.222751,138 HOSPITAL RD,EVANSTON,B0E1J0
314,Nova Scotia,NS,YARMOUTH REGIONAL HOSPITAL,-66.12161793,43.85184081,43.85184081,-66.12161793,60 VANCOUVER ST,YARMOUTH,B5A2P5
315,Nova Scotia,NS,VALLEY REGIONAL HOSPITAL,-64.49652063,45.08402915,45.08402915,-64.49652063,150 EXHIBITION ST,KENTVILLE,B4N5E3
316,Nova Scotia,NS,VICTORIA COUNTY MEMORIAL HOSPITAL,-61.09155773,46.44312828,46.44312828,-61.09155773,30 MARGAREE RD,VICTORIA,B0E1T0
317,Nova Scotia,NS,TWIN OAKS MEMORIAL HOSPITAL,-63.15931102,44.78371389,44.78371389,-63.15931102,7702 #7 HIGHWAY,MUSQUODOBOIT HARBOUR,B0J2L0
318,Nova Scotia,NS,QEII Health Sciences Centre,-63.57913809,44.6381352,44.6381352,-63.57913809,1278 TOWER Rd,Halifax,b3h2y9
319,Nova Scotia,NS,BUCHANAN MEMORIAL COMMUNITY HEALTH CENTRE,-60.33446121,46.81001367,46.81001367,-60.33446121,32610 CABOT Trail,Neils Harbour,b0c1n0
320,Nova Scotia,NS,SACRED HEART COMMUNITY HEALTH CENTRE,-61.0169959,46.62433587,46.62433587,-61.0169959,15102 CABOT TRAIL,CHETICAMP,B0E1H0
321,Nova Scotia,NS,SOUTH SHORE REGIONAL HOSPITAL,-64.51202505,44.38207635,44.38207635,-64.51202505,90 GLEN ALLEN DRIVE,BRIDGEWATER,B4V3S6
341,Newfoundland and Labrador,NL,CHARLES S. CURTIS MEMORIAL HOSPITAL,-55.58698222,51.36228978,51.36228978,-55.58698222,178-200 WEST ST,ST. ANTHONY,A0K4S0
342,Ontario,ON,ALEXANDRA HOSPITAL,-80.87546649,43.03238148,43.03238148,-80.87546649,29 NOXON ST,INGERSOLL,N5C1B8
343,Ontario,ON,ALEXANDRA MARINE & GENERAL HOSPITAL,-81.70541377,43.75012107,43.75012107,-81.70541377,120 NAPIER ST,GODERICH,N7A1W5
344,Ontario,ON,ALMONTE GENERAL HOSPITAL,-76.18953317,45.22908651,45.22908651,-76.18953317,75 SPRING ST ,ALMONTE,K0A1A0
345,Ontario,ON,ANSON GENERAL HOSPITAL,-80.68556604,48.76934598,48.76934598,-80.68556604,58 ANSON DR ,IROQUOIS FALLS,P0K1E0
346,Ontario,ON,ATIKOKAN GENERAL HOSPITAL,-91.59846686,48.75358151,48.75358151,-91.59846686,120 DOROTHY ST,ATIKOKAN,P0T1C0
347,Ontario,ON,ARNPRIOR AND DISTRICT MEMORIAL HOSPITAL,-76.35213661,45.44154904,45.44154904,-76.35213661,350 JOHN ST N,ARNPRIOR,K7S2P6
348,Ontario,ON,BLIND RIVER DISTRICT HEALTH CENTRE,-82.9239714,46.18592059,46.18592059,-82.9239714,525 CAUSLEY ST ,BLIND RIVER,P0R1B0
349,Ontario,ON,BLUEWATER HEALTH - NORMAN SITE,-82.38897665,42.97662154,42.97662154,-82.38897665,89 NORMAN ST,SARNIA,N7T6S3
350,Ontario,ON,BRAMPTON CIVIC HOSPITAL,-79.7426234,43.74592783,43.74592783,-79.7426234,2100 BOVAIRD DR E,BRAMPTON,L6R3J7
351,Ontario,ON,BROCKVILLE GENERAL HOSPITAL,-75.6825839,44.59759277,44.59759277,-75.6825839,75 CHARLES ST,BROCKVILLE,K6V1S8
352,Ontario,ON,CAMPBELLFORD MEMORIAL HOSPITAL,-77.78959503,44.31210888,44.31210888,-77.78959503,146 OLIVER ST,CAMPBELLFORD,K0L1L0
353,Ontario,ON,CARLETON PLACE AND DISTRICT MEMORIAL HOSPITAL,-76.13632188,45.14058201,45.14058201,-76.13632188,211 LAKE AVE E,CARLETON PLACE,K7C1J4
354,Ontario,ON,CHAPLEAU HEALTH SERVICES/SERVICES DE SANTE DE CHAPLEAU,-83.41525168,47.84114934,47.84114934,-83.41525168,6 BROOMHEAD RD,CHAPLEAU,P0M1K0
355,Ontario,ON,CAMBRIDGE MEMORIAL HOSPITAL,-80.3275121,43.37853162,43.37853162,-80.3275121,700 CORONATION BLVD,CAMBRIDGE,N1R3G2
356,Ontario,ON,CHATHAM-KENT HEALTH ALLIANCE - SYDENHAM DISTRICT CAMPUS,-82.36639354,42.59758539,42.59758539,-82.36639354,325 MARGARET AVE,WALLACEBURG,N8A2A7
357,Ontario,ON,COLLINGWOOD GENERAL AND MARINE HOSPITAL,-80.20287454,44.49802599,44.49802599,-80.20287454,459 HUME ST ,COLLINGWOOD,L9Y1W9
358,Ontario,ON,CORNWALL COMMUNITY HOSPITAL,-74.71913953,45.0295609,45.0295609,-74.71913953,840 MCCONNELL AVE,CORNWALL,K6H5S5
359,Ontario,ON,CREDIT VALLEY HOSPITAL,-79.70475195,43.56052797,43.56052797,-79.70475195,2200 EGLINTON AVE W,MISSISSAUGA,L5M2N1
360,Ontario,ON,CHATHAM KENT HEALTH ALLIANCE   ST. JOSEPH'S CAMPUS,-82.19394267,42.4059514,42.4059514,-82.19394267,80 GRAND AVE W,CHATHAM-KENT,N7M5L9
361,Ontario,ON,DEEP RIVER AND DISTRICT HOSPITAL,-77.47586199,46.09169735,46.09169735,-77.47586199,117 BANTING DR,DEEP RIVER,K0J1P0
362,Ontario,ON,ESPANOLA GENERAL HOSPITAL,-81.78309027,46.24839381,46.24839381,-81.78309027,825 MCKINNON DR,ESPANOLA,P5E1R4
363,Ontario,ON,ENGLEHART AND DISTRICT HOSPITAL INC,-79.87853437,47.82319592,47.82319592,-79.87853437,61 5TH ST,ENGLEHART,P0J1H0
364,Ontario,ON,FORT ALBANY HOSPITAL,-92.7563687,49.78616765,49.78616765,-92.7563687,5 AIRPORT ROAD,FORT ALBANY,P0V2W0
365,Ontario,ON,CORTELLUCCI VAUGHAN HOSPITAL,-79.53935998,43.84862282,43.84862282,-79.53935998,3200 MAJORY MACKENZIE DRIVE W,VAUGHAN,L6A1S1
366,Ontario,ON,FOUR COUNTIES HEALTH SERVICES,-81.81183827,42.69397723,42.69397723,-81.81183827,RR 3,NEWBURY,N0L1Z0
368,Ontario,ON,GERALDTON DISTRICT HOSPITAL,-86.95547731,49.72330773,49.72330773,-86.95547731,500 HOGARTH AVE W,GERALDTON,P0T1M0
369,Ontario,ON,GEORGIAN BAY GENERAL HOSPITAL,-79.91492029,44.74142774,44.74142774,-79.91492029,1112 ST ANDREWS DR,MIDLAND,L4R4P4
370,Ontario,ON,GRAND RIVER HOSPITAL,-80.511487,43.45703749,43.45703749,-80.511487,835 KING ST W,KITCHENER,N2G1E8
371,Ontario,ON,GLENGARRY MEMORIAL HOSPITAL,-74.66821478,45.32376302,45.32376302,-74.66821478,20260 COUNTY RD,ALEXANDRIA,K0C1A0
372,Ontario,ON,GREY BRUCE HEALTH SERVICES   OWEN SOUND,-80.91130411,44.56756158,44.56756158,-80.91130411,1800 8 ST E,OWEN SOUND,N4K0A9
373,Ontario,ON,GREY BRUCE HEALTH SERVICES - MEAFORD,-80.60040432,44.6063268,44.6063268,-80.60040432,229 NELSON ST W,MEAFORD,N4L1M4
374,Ontario,ON,GREY BRUCE HEALTH SERVICES - MARKDALE,-80.65046649,44.31799327,44.31799327,-80.65046649,55 ISLA ST,MARKDALE,N0C1H0
375,Ontario,ON,GREY BRUCE HEALTH SERVICES - SOUTHHAMPTON HOSPITAL,-81.36597936,44.49341167,44.49341167,-81.36597936,340 HIGH ST,SOUTHAMPTON,N0H2L0
376,Ontario,ON,GREY BRUCE HEALTH SERVICES - WIARTON HOSPITAL,-81.13825294,44.73836197,44.73836197,-81.13825294,369 MARY STREET,WIARTON,N0H2T0
377,Ontario,ON,GROVES MEMORIAL COMMUNITY HOSPITAL,-80.37295325,43.70532095,43.70532095,-80.37295325,235 UNION ST E,FERGUS,N1M0H3
378,Ontario,ON,GUELPH GENERAL HOSPITAL,-80.25375269,43.55574195,43.55574195,-80.25375269,115 DELHI ST ,GUELPH,N1E4J4
379,Ontario,ON,HALDIMAND WAR MEMORIAL HOSPITAL,-79.62490452,42.90506302,42.90506302,-79.62490452,206 JOHN ST,DUNNVILLE,N1A2P7
380,Ontario,ON,HALIBURTON HIGHLANDS HEALTH SERVICES - MINDEN HOSPITAL,-78.73038764,44.92601493,44.92601493,-78.73038764,6 MCPHERSON STREET,MINDEN,K0M2K0
381,Ontario,ON,HALIBURTON HOSPITAL,-78.52860514,45.03803031,45.03803031,-78.52860514,7199 GELERT RD,HALIBURTON,K0M1S0
382,Ontario,ON,HAMILTON HEALTH SCIENCES - HAMILTON GENERAL HOSPITAL,-79.85394237,43.26120614,43.26120614,-79.85394237,237 BARTON ST E,HAMILTON,L8L2X2
383,Ontario,ON,HAMILTON HEALTH SCIENCES - MCMASTER UNIVERSITY MEDICAL CENTRE,-79.91758515,43.25791042,43.25791042,-79.91758515,1200 MAIN ST W,HAMILTON,L8S1C5
384,Ontario,ON,HAMILTON HEALTH SCIENCES - HENDERSON GENERAL HOSPITAL,-79.84661499,43.23961205,43.23961205,-79.84661499,711 CONCESSION ST,HAMILTON,L8V5C2
385,Ontario,ON,HANOVER AND DISTRICT HOSPITAL,-81.03486755,44.14830155,44.14830155,-81.03486755,90 7 AVE,HANOVER,N4N1N1
386,Ontario,ON,HORNEPAYNE COMMUNITY HOSPITAL,-84.77379272,49.21105956,49.21105956,-84.77379272,278 FRONT ST,HORNEPAYNE,P0M1Z0
387,Ontario,ON,HAWKESBURY & DISTRICT GENERAL HOSPITAL,-74.60792257,45.59873248,45.59873248,-74.60792257,1111 GHISLAIN ST,HAWKESBURY,K6A3G5
388,Ontario,ON,HEADWATERS HEALTH CARE CENTRE - HEADWATERS ORANGEVILLE,-80.07234903,43.92078896,43.92078896,-80.07234903,100 ROLLING HILLS DR,ORANGEVILLE,L9W4X9
389,Ontario,ON,HUMBER RIVER HOSPITAL - WILSON SITE,-79.4895258,43.72498095,43.72498095,-79.4895258,1235 WILSON AVE,TORONTO,M3M0B2
390,Ontario,ON,HOPITAL REGIONAL DE SUDBURY REGIONAL HOSPITAL - LAURENTIAN SITE,-80.99534091,46.46925209,46.46925209,-80.99534091,41 RAMSEY LAKE RD,GREATER SUDBURY,P3E5J1
391,Ontario,ON,HURON PERTH HEALTHCARE ALLIANCE - CLINTON PUBLIC HOSPITAL,-81.54258941,43.62139798,43.62139798,-81.54258941,98 SHIPLEY ST,CLINTON,N0M1L0
392,Ontario,ON,HUNTSVILLE DISTRICT MEMORIAL HOSPITAL,-79.20561548,45.3392143,45.3392143,-79.20561548,100 FRANK MILLER DR,HUNTSVILLE,P1H1H7
393,Ontario,ON,HURON PERTH HEALTHCARE ALLIANCE - STRATFORD GENERAL HOSPITAL,-80.99571541,43.36822,43.36822,-80.99571541,46 GENERAL HOSPITAL DR,STRATFORD,N5A2Y6
394,Ontario,ON,JAMES BAY GENERAL HOSPITAL   MOOSONEE HEALTH CENTRE,-80.65112832,51.27169531,51.27169531,-80.65112832,5 PERCYS WAY,MOOSONEE,P0L1Y0
395,Ontario,ON,HURON PERTH HEALTHCARE ALLIANCE (ST. MARYS MEMORIAL HOSPITAL),-81.15187513,43.25837302,43.25837302,-81.15187513,267 QUEEN ST W,ST. MARYS,N4X1B6
396,Ontario,ON,KEMPTVILLE DISTRICT HOSPITAL,-75.61971267,45.01359019,45.01359019,-75.61971267,2675 CONCESSION RD,KEMPTVILLE,K0G1J0
397,Ontario,ON,KINGSTON GENERAL HOSPITAL - UNIVERSITY HOSPITALS KINGSTON,-76.49261581,44.22456671,44.22456671,-76.49261581,76 STUARTSTREET,KINGSTON,K7L2V7
398,Ontario,ON,JAMES BAY GENERAL HOSPITAL - ATTAWAPISKAT WING,-82.42597953,52.92264826,52.92264826,-82.42597953,972 RIVERSIDE EAST,ATTAWAPISKAT,P0L1A0
399,Ontario,ON,LADY MINTO HOSPITAL,-81.02154578,49.07093966,49.07093966,-81.02154578,241 8 ST,COCHRANE,P0L1C0
400,Ontario,ON,LADY DUNN HEALTH CENTRE,-84.77252093,48.00003773,48.00003773,-84.77252093,17 GOVERNMENT RD,WAWA,P0S1K0
401,Ontario,ON,JOSEPH BRANT MEMORIAL HOSPITAL,-79.80397369,43.3174274,43.3174274,-79.80397369,1230 N SHORE BLVD E,BURLINGTON,L7R4W7
402,Ontario,ON,LAKE OF THE WOODS DISTRICT HOSPITAL,-94.49933442,49.76709128,49.76709128,-94.49933442,21 SYLVAN ST,KENORA,P9N3W7
403,Ontario,ON,LAKERIDGE HEALTH   PORT PERRY DIVISION,-78.9539915,44.10460263,44.10460263,-78.9539915,451 PAXTON ST,PORT PERRY,L9L1L9
404,Ontario,ON,LAKERIDGE HEALTH   OSHAWA DIVISION,-78.86931106,43.9061674,43.9061674,-78.86931106,1 HOSPITAL CRT,OSHAWA,L1G2B9
405,Ontario,ON,KIRKLAND AND DISTRICT HOSPITAL,-80.01859287,48.15658121,48.15658121,-80.01859287,145 GOVERNMENT RD E,KIRKLAND LAKE,P2N3P4
406,Ontario,ON,LAVERENDRYE HOSPITAL - RIVERSIDE HEALTH CARE FACILITIES INC,-93.39260083,48.60620791,48.60620791,-93.39260083,110 VICTORIA AVE,FORT FRANCES,P9A2B7
407,Ontario,ON,LEAMINGTON DISTRICT MEMORIAL HOSPITAL,-82.61477288,42.04946512,42.04946512,-82.61477288,194 TALBOT ST W,LEAMINGTON,N8H1N9
408,Ontario,ON,LAKERIDGE HEALTH CORPORATION - BOWMANVILLE SITE,-78.67953547,43.90895652,43.90895652,-78.67953547,47 LIBERTY ST S,CLARINGTON,L1C2N4
409,Ontario,ON,LENNOX AND ADDINGTON COUNTY GENERAL HOSPITAL,-76.96600943,44.24067985,44.24067985,-76.96600943,8 RICHMOND PARK DR ,GREATER NAPANEE,K7R2Z4
410,Ontario,ON,LISTOWEL MEMORIAL HOSPITAL,-80.94974947,43.73259688,43.73259688,-80.94974947,255 ELIZABETH ST E,NORTH PERTH,N4W2P5
411,Ontario,ON,LONDON HEALTH SCIENCES CENTRE,-81.22600971,42.95842158,42.95842158,-81.22600971,800 COMMISSIONERS RD E,LONDON,N6C2V5
412,Ontario,ON,MANITOULIN HEALTH CENTRE - LITTLE CURRENT SITE,-81.9298351,45.97967988,45.97967988,-81.9298351,11 MEREDITH ST,LITTLE CURRENT,P0P1K0
413,Ontario,ON,MANITOULIN HEALTH CENTRE - MINDEMOYA HOSPITAL,-82.16765534,45.73780318,45.73780318,-82.16765534,2120A HWY 551,MINDEMOYA,P0P1S0
414,Ontario,ON,MACKENZIE RICHMOND HILL HOSPITAL,-79.44968368,43.87076735,43.87076735,-79.44968368,10 TRENCH ST,RICHMOND HILL,L4C4Z3
415,Ontario,ON,MARKHAM STOUFFVILLE HOSPITAL,-79.23177205,43.88511021,43.88511021,-79.23177205,381 CHURCH ST,MARKHAM,L6B0T1
416,Ontario,ON,MANITOUWADGE GENERAL HOSPITAL,-85.82438453,49.12706405,49.12706405,-85.82438453,1 HEALTH CARE CRES,MANITOUWADGE,P0T2C0
417,Ontario,ON,MATTAWA HOSPITAL,-78.73884548,46.23259002,46.23259002,-78.73884548,217 TURCOTTE PARK,MATTAWA,P0H1V0
418,Ontario,ON,MARKHAM STOUFFVILLE HOSPITAL   UXBRIDGE SITE,-79.12739548,44.10196078,44.10196078,-79.12739548,4 CAMPBELL DR,UXBRIDGE,L9P1S4
419,Ontario,ON,MCCAUSLAND HOSPITAL,-87.10703126,48.78117656,48.78117656,-87.10703126,20B CARTIER DR,TERRACE BAY,P0T2W0
420,Ontario,ON,MISSISSAUGA HOSPITAL,-79.61056392,43.57146505,43.57146505,-79.61056392,100 QUEENSWAY W,MISSISSAUGA,L5B1B8
421,Ontario,ON,MONTFORT HOSPITAL,-75.63789913,45.44413972,45.44413972,-75.63789913,713 MONTREAL RD,OTTAWA,K1K0T2
422,Ontario,ON,MILTON DISTRICT HOSPITAL,-79.87036997,43.49536655,43.49536655,-79.87036997,725 BRONTE ST S,MILTON,L9T9K1
423,Ontario,ON,MOUNT SINAI HOSPITAL,-79.38974905,43.65782581,43.65782581,-79.38974905,600 UNIVERSITY AVE,TORONTO,M5G1X5
424,Ontario,ON,NIAGARA HEALTH SYSTEM - ST CATHARINES GENERAL SITE,-79.27867559,43.15518626,43.15518626,-79.27867559,1200 FOURTH AVE,ST. CATHARINES,L2S0A9
425,Ontario,ON,NIAGARA HEALTH SYSTEM - WELLAND HOSPITAL SITE,-79.24860333,42.98081384,42.98081384,-79.24860333,65 3 ST,WELLAND,L3B4W6
426,Ontario,ON,NIPIGON DISTRICT MEMORIAL HOSPITAL,-88.27587122,49.01484074,49.01484074,-88.27587122,125 HORGAN RD,NIPIGON,P0T2J0
427,Ontario,ON,NORTH YORK GENERAL HOSPITAL,-79.36416622,43.76970649,43.76970649,-79.36416622,4001 LESLIE ST,TORONTO,M2K1E1
428,Ontario,ON,NORTHUMBERLAND HILL HOSPITAL,-78.1961139,43.97706707,43.97706707,-78.1961139,1000 DEPALMA DR,COBOURG,K9A5W6
429,Ontario,ON,NORTH BAY GENERAL HOSPITAL    MCLAREN SITE,-79.49434305,46.336576,46.336576,-79.49434305,50 COLLEGE DRIVE,NORTH BAY,P1B5A4
430,Ontario,ON,NOTRE DAME HOSPITAL,-83.67880654,49.68690128,49.68690128,-83.67880654,1405 EDWARD ST,HEARST,P0L1N0
431,Ontario,ON,OAKVILLE TRAFALGAR MEMORIAL HOSPITAL,-79.76562611,43.44836553,43.44836553,-79.76562611,3001 HOSPITAL GATE,OAKVILLE,L6M0L8
432,Ontario,ON,OTTAWA HOSPITAL GENERAL CAMPUS,-75.65166389,45.39909508,45.39909508,-75.65166389,501 SMYTH RD,OTTAWA,K1H8L6
433,Ontario,ON,OAKVILLE TRAFALGAR MEMORIAL HOSPITAL GEORGETOWN HOSPITAL,-79.93459899,43.64314604,43.64314604,-79.93459899,1 PRINCESS ANNE DR,HALTON HILLS,L7G2B8
434,Ontario,ON,ORILLIA SOLDIERS' MEMORIAL HOSPITAL,-79.4256251,44.60432767,44.60432767,-79.4256251,170 COLBORNE ST W,ORILLIA,L3V2Z3
435,Ontario,ON,PALMERSTON AND DISTRICT HOSPITAL,-80.84413397,43.83862711,43.83862711,-80.84413397,500 WHITES RD,PALMERSTON,N0G2P0
436,Quebec,QC,QUINTE HEALTH CARE NORTH HASTINGS HOSPITAL,-77.86332904,45.0553464,45.0553464,-77.86332904,1-H MANOR LANE,BANCROFT,G0E1T0
437,Ontario,ON,QUINTE HEALTH CARE BELLEVILLE GENERAL,-77.36460094,44.16384692,44.16384692,-77.36460094,265 DUNDAS ST E,BELLEVILLE,K8N5A9
438,Ontario,ON,QUEENSWAY CARLETON HOSPITAL,-75.80913236,45.33304757,45.33304757,-75.80913236,3045 BASELINE RD,OTTAWA,K2H8P4
439,Ontario,ON,QUINTE HEALTH CARE PRINCE EDWARD COUNTY MEMORIAL,-76.87552893,44.32384095,44.32384095,-76.87552893,403 MAIN ST,PICTON,K0K2T0
440,Ontario,ON,QUINTE HEALTH CARE TRENTON MEMORIAL HOSPITAL,-77.58778822,44.09900863,44.09900863,-77.58778822,242 KING ST,TRENTON,K8V3X1
441,Ontario,ON,NIAGARA HEALTH SYSTEM - GREATER NIAGARA GENERAL SITE,-79.09148673,43.09452936,43.09452936,-79.09148673,5546 PORTAGE RD ,NIAGARA FALLS,L2E6X2
442,Ontario,ON,RED LAKE MARGARET COCHENOUR MEMORIAL HOSPITAL,-93.82068508,51.01537421,51.01537421,-93.82068508,51 HWY 105,RED LAKE,P0V2M0
443,Ontario,ON,RAINY RIVER HEALTH CENTRE,-94.5684407,48.71858966,48.71858966,-94.5684407,115 FOURTH ST,RAINY RIVER,P0W1L0
444,Ontario,ON,ROSS MEMORIAL HOSPITAL,-78.75247823,44.35425875,44.35425875,-78.75247823,10 ANGELINE ST N,LINDSAY,K9V4M8
445,Ontario,ON,LAKERIDGE HEALTH SYSTEM - AJAX AND PICKERING HEALTH CENTRE SITE,-79.01591105,43.83795895,43.83795895,-79.01591105,580 HARWOOD AVE S,AJAX,L1S2J4
446,Ontario,ON,ROUGE VALLEY HEALTH SYSTEM - CENTENARY,-79.20548699,43.78247138,43.78247138,-79.20548699,2867 ELLESMERE RD,TORONTO,M1E4B9
447,Ontario,ON,ROYAL VICTORIA HOSPITAL,-79.66197734,44.41621677,44.41621677,-79.66197734,201 GEORGIAN DR,BARRIE,L4M6M2
448,Ontario,ON,SCARBOROUGH HOSPITAL (THE),-79.24674707,43.75525706,43.75525706,-79.24674707,3050 LAWRENCE AVE E,TORONTO,M1P2V5
449,Ontario,ON,SENSENBRENNER HOSPITAL,-82.42917625,49.42501772,49.42501772,-82.42917625,101 PROGRESS CRES,KAPUSKASING,P5N3H5
450,Ontario,ON,SIOUX LOOKOUT DISTRICT HEALTH CENTRE,-91.92550078,50.10585906,50.10585906,-91.92550078,1 MENO YA WIN WAY,SIOUX LOOKOUT,P8T1B4
451,Ontario,ON,SMOOTH ROCK FALLS HOSPITAL,-81.61226531,49.27492897,49.27492897,-81.61226531,107 KELLY RD,SMOOTH ROCK FALLS,P0L2B0
452,Ontario,ON,SOUTH BRUCE GREY HEALTH CENTRE - DURHAM,-80.82851212,44.18006503,44.18006503,-80.82851212,320 COLLEGE ST N,WEST GREY,N0G1R0
453,Ontario,ON,SOUTH BRUCE GREY HEALTH CENTRE - WALKERTON,-81.15357548,44.12244858,44.12244858,-81.15357548,21 MCGIVERN ST W,BROCKTON,N0G2V0
454,Ontario,ON,HURON PERTH HEALTHCARE ALLIANCE (SEAFORTH COMMUNITY HOSPITAL HOSPITAL),-81.38561424,43.55168782,43.55168782,-81.38561424,24 CENTENNIAL DRIVE,SEAFORTH,N0K1W0
455,Ontario,ON,SOUTH MUSKOKA MEMORIAL HOSPITAL,-79.31394303,45.04631301,45.04631301,-79.31394303,75 ANN ST ,BRACEBRIDGE,P1L2E4
456,Ontario,ON,SOUTH BRUCE GREY HEALTH CENTRE KINCARDINE SITE,-81.62280683,44.18785362,44.18785362,-81.62280683,43 QUEEN ST ,KINCARDINE,N2Z1G6
457,Ontario,ON,SOUTHLAKE REGIONAL HEALTH CENTRE,-79.45221594,44.06105877,44.06105877,-79.45221594,596 DAVIS DR,NEWMARKET,L3Y2P9
458,Ontario,ON,SAULT AREA HOSPITAL,-84.31756766,46.50542386,46.50542386,-84.31756766,969 QUEEN ST E,SAULT STE. MARIE,P6A2C4
459,Ontario,ON,ST FRANCIS MEMORIAL HOSPITAL,-77.69379424,45.48270352,45.48270352,-77.69379424,7 ST.FRANCIS MEMORIAL DR.,BARRY'S BAY,K0J1B0
460,Ontario,ON,ST JOSEPH'S GENERAL HOSPITAL -ELLIOT LAKE,-82.65994094,46.38409703,46.38409703,-82.65994094,70 SPINE RD,ELLIOT LAKE,P5A1X2
461,Ontario,ON,ST JOSEPH'S HEALTH CENTRE,-79.45028944,43.63919188,43.63919188,-79.45028944,30 THE QUEENSWAY,TORONTO,M6R1B5
462,Ontario,ON,ST JOSEPH'S HEALTH CARE LONDON - LAWSON HEALTH,-81.25392488,43.00003119,43.00003119,-81.25392488,268 GROSVENOR ST,LONDON,N6A4V2
463,Ontario,ON,ST MICHAEL'S HOSPITAL,-79.37730377,43.65381256,43.65381256,-79.37730377,30 BOND ST,TORONTO,M5B1W8
464,Ontario,ON,ST JOSEPH'S HEALTHCARE,-79.86969833,43.24920971,43.24920971,-79.86969833,50 CHARLTON AVE E,HAMILTON,L8N4A6
465,Ontario,ON,ST THOMAS - ELGIN GENERAL HOSPITAL,-81.18109905,42.76429771,42.76429771,-81.18109905,189 ELM ST ,ST. THOMAS,N5R5C4
466,Ontario,ON,STEVENSON MEMORIAL HOSPITAL,-79.87542577,44.15484891,44.15484891,-79.87542577,200 FLETCHER CRES,ALLISTON,L9R1W7
467,Ontario,ON,STRATHROY MIDDLESEX GENERAL HOSPITAL,-81.63471307,42.96088653,42.96088653,-81.63471307,395 CARRIE ST,STRATHROY,N7G3C9
468,Ontario,ON,SUNNYBROOK HEALTH SCIENCES CENTRE,-79.378911,43.72131902,43.72131902,-79.378911,2075 BAYVIEW AVE,TORONTO,M4N3M5
469,Ontario,ON,TEMISKAMING HOSPITAL,-79.69563504,47.49512173,47.49512173,-79.69563504,421 SHEPHERDSON RD ,NEW LISKEARD,P0J1P0
470,Ontario,ON,THE BRANTFORD GENERAL SITE,-80.27642474,43.15290483,43.15290483,-80.27642474,200 TERRACE HILL ST,BRANTFORD,N3R1G9
471,Ontario,ON,THE OTTAWA HOSPITAL/L'HOPITAL D-OTTAWA - CIVIC CAMPUS,-75.72049047,45.39204653,45.39204653,-75.72049047,1053 CARLING AVE,OTTAWA,K1Y4E9
472,Ontario,ON,THE SCARBOROUGH HOSPITAL - GRACE CAMPUS,-79.30824367,43.80226063,43.80226063,-79.30824367,3030 BIRCHMOUNT RD,TORONTO,M1W3W3
473,Ontario,ON,TILLSONBURG DISTRICT MEMORIAL HOSPITAL,-80.73493613,42.86355994,42.86355994,-80.73493613,167 ROLPH ST,TILLSONBURG,N4G3Y9
474,Ontario,ON,TORONTO EAST GENERAL HOSPITAL,-79.32605362,43.68938699,43.68938699,-79.32605362,825 COXWELL AVE,TORONTO,M4C3E7
475,Ontario,ON,TIMMINS AND DISTRICT HOSPITAL,-81.31378106,48.48600191,48.48600191,-81.31378106,700 ROSS AVE E,TIMMINS,P4N8P2
476,Ontario,ON,THUNDER BAY REGIONAL HEALTH SCIENCES,-89.26916698,48.42457702,48.42457702,-89.26916698,980 OLIVER RD,THUNDER BAY,P7B6V4
478,Ontario,ON,UNIVERSITY HEALTH NETWORK - TORONTO WESTERN HOSPITAL,-79.40624522,43.65286851,43.65286851,-79.40624522,399 BATHURST ST,TORONTO,M5T2S8
479,Ontario,ON,UNIVERSITY HEALTH NETWORK - TORONTO GENERAL HOSPITAL,-79.38690842,43.65937517,43.65937517,-79.38690842,200 ELIZABETH ST,TORONTO,M5G2C4
480,Ontario,ON,WEENEEBAYKO GENERAL HOSPITAL,-80.61636254,51.25007966,51.25007966,-80.61636254,19 HOSPITAL DR,MOOSE FACTORY,P0L1W0
481,Ontario,ON,WELLINGTON HEALTH CARE ALLIANCE - LOUISE MARSHALL HOSPITAL,-80.73822066,43.97452827,43.97452827,-80.73822066,630 DUBLIN ST,MOUNT FOREST,N0G2L3
482,Ontario,ON,WEST NIPISSING GENERAL HOSPITAL,-79.91430397,46.37317289,46.37317289,-79.91430397,725 COURSOL RD ,STURGEON FALLS,P2B2Y6
483,Ontario,ON,WEST LINCOLN MEMORIAL HOSPITAL,-79.54218368,43.18763969,43.18763969,-79.54218368,169 MAIN ST E,GRIMSBY,L3M1P3
484,Ontario,ON,WEST HALDIMAND GENERAL HOSPITAL,-80.0444274,42.95774303,42.95774303,-80.0444274,75 PARVIEW RD,HAGERSVILLE,N0A1H0
485,Ontario,ON,WEST PARRY SOUND HEALTH CENTRE,-80.01953399,45.34173093,45.34173093,-80.01953399,6 ALBERT ST,PARRY SOUND,P2A3A4
486,Ontario,ON,WILLIAM OSLER HEALTH CENTRE - ETOBICOKE HOSPITAL CAMPUS,-79.59941993,43.73087397,43.73087397,-79.59941993,101 HUMBER COLLEGE BLVD,TORONTO,M9V1R8
487,Ontario,ON,WINDSOR REGIONAL HOSPITAL - METROPOLITAN CAMPUS,-82.99753081,42.30085985,42.30085985,-82.99753081,1995 LENS AVE,WINDSOR,N8W1L9
488,Ontario,ON,WILSON MEMORIAL GENERAL HOSPITAL,-86.37648897,48.71902096,48.71902096,-86.37648897,26 PENINSULA RD,MARATHON,P0T2E0
489,Ontario,ON,WINCHESTER DISTRICT MEMORIAL HOSPITAL,-75.35279088,45.08905833,45.08905833,-75.35279088,566 LOUSIE ST,WINCHESTER,K0C2K0
490,Ontario,ON,WINGHAM & DISTRICT HOSPITAL,-81.30617088,43.88458383,43.88458383,-81.30617088,270 CARLING TERRACE,WINGHAM,N0G2W0
491,Ontario,ON,WINDSOR REGIONAL HOSPITAL - OUELLETTE CAMPUS,-83.03313831,42.30839472,42.30839472,-83.03313831,1030 OUELLETTE AVE,WINDSOR,N9A1E1
492,Ontario,ON,WOODSTOCK GENERAL HOSPITAL,-80.71143294,43.12424765,43.12424765,-80.71143294,1203 PARKINSON RD,WOODSTOCK,N4S6N6
493,Ontario,ON,DRYDEN REGIONAL HEALTH CENTRE,-92.83911016,49.77018052,49.77018052,-92.83911016,58 GOODALL STREET,DRYDEN,P8N2Z6
494,Ontario,ON,KASHECHEWAN NURSING STATION,-81.64078416,52.29175482,52.29175482,-81.64078416,,KASHECHWAN,P0L1S0
495,Ontario,ON,LONDON HEALTH SCIENCES CENTRE - UNIVERSITY HOSPITAL,-81.27576524,43.01299807,43.01299807,-81.27576524,339 WINDERMERE ROAD,LONDON,N6A5A5
496,Ontario,ON,NORFOLK GENERAL HOSPITAL,-80.31456614,42.83533501,42.83533501,-80.31456614,365 WEST ST,SIMCOE,N3Y1T7
497,Ontario,ON,PEAWANUK NURSING STATION,-85.42348711,55.01215337,55.01215337,-85.42348711,,PEAWANUCK,P0L2H0
498,Ontario,ON,PEMBROKE REGIONAL HOSPITAL,-77.10682446,45.81434638,45.81434638,-77.10682446,705 MACKAY STREET,PEMBROKE,K8A1G8
499,Ontario,ON,PERTH & SMITH FALLS DISTRICT HOSPITAL - GREAT WAR MEMORIAL SITE,-76.25314578,44.90654648,44.90654648,-76.25314578,33 DRUMMOND ST W,PERTH,K7H2K1
500,Ontario,ON,PERTH & SMITH FALLS DISTRICT HOSPITAL - SMITHS FALLS SITE,-76.02664788,44.90749966,44.90749966,-76.02664788,60 CORNELIA STREET WEST,SMITH FALLS,K7A2H9
501,Ontario,ON,PETERBOROUGH REGIONAL HEALTH CENTRE,-78.3466485,44.30077721,44.30077721,-78.3466485,1 Hospital Drive,PETERBOROUGH,K8J7C6
502,Ontario,ON,SOUTH HURON HOSPITAL,-81.48098491,43.34366183,43.34366183,-81.48098491,24 HURON STREET WEST,EXETER,N0M1S2
503,Ontario,ON,ST MARYS GENERAL HOSPITAL,-80.50200711,43.43877793,43.43877793,-80.50200711,911 QUEENS BLVD,KITCHENER,N2M1B2
504,Ontario,ON,RENFREW VICTORIA HOSPITAL,-76.69677266,45.48321971,45.48321971,-76.69677266,499 RAGLAN ST N,RENFREW,K7V1P6
505,Prince Edward Island,PE,PRINCE COUNTY HOSPITAL,-63.77499584,46.41833694,46.41833694,-63.77499584,65 ROY BOATES AVENUE,SUMMERSIDE,C1N2A9
506,Prince Edward Island,PE,QUEEN ELIZABETH HOSPITAL,-63.10242531,46.25583413,46.25583413,-63.10242531,60 RIVERSIDE DRIVE,CHARLOTTETOWN,C1A8T5
507,New Brunswick,NB,STELLA-MARIS-DE-KENT HOSPITAL,-64.78256541,46.55948995,46.55948995,-64.78256541,7714 RTE 134,SAINTE-ANNE-DE-KENT,E4S1H5
508,Quebec,QC,BASSE-COTE-NORD MULTI-SERVICES CENTER FOR HEALTH AND SOCIAL SERVICES,-57.28891304,51.54774836,51.54774836,-57.28891304,1070 doctor-Camille-Marcoux Boulevard,BLANC-SALBLON,G0G1W0
509,Quebec,QC,CENTRE DE SANTÉ TULATTAVIK DE L'UNGAVA,-68.40524858,58.10709014,58.10709014,-68.40524858,,KUUJJUAQ,J0M1C0
510,Quebec,QC,CONSEIL CRI DE LA SANTÉ ET DES SERVICES SOCIAUX DE LA BAIE JAMES,-78.89167711,53.78401488,53.78401488,-78.89167711,21 MAAMUU ROAD,EEYOU ISTCHEE,J0M1E0
511,Quebec,QC,INUULITSIVIK HEALTH CENTRE,-77.32221911,60.05712298,60.05712298,-77.32221911,,POVUNGNITUK,J0M1P0
512,Quebec,QC,KATERI-MEMORIAL TEHSAKOTITSEN HOSPITAL CENTER: THA,-73.68224849,45.38215295,45.38215295,-73.68224849,10 RIVER ROAD,KAHNAWAKE,J0L1B0
513,Quebec,QC,LAKESHORE GENERAL HOSPITAL - POINTE-CLAIRE,-73.83251338,45.44986364,45.44986364,-73.83251338,160 STILLVIEW RD,POINTE CLAIRE,H9R2Y2
514,Quebec,QC,MOUNT SINAI HOSPITAL,-73.6574311,45.47419731,45.47419731,-73.6574311,5690 CAVENDISH BLVD,COTE SAINT-LUC,H4W1S7
515,Quebec,QC,PAPINEAU HOSPITAL,-75.41188857,45.58818738,45.58818738,-75.41188857,155 MACLAREN STREET EAST,GATINEAU,J8L0C2
516,Quebec,QC,RIVIERE-ROUGE SERVICE CENTRE,-74.88279762,46.42202858,46.42202858,-74.88279762,1525 L'ANNONCIATION STREET NORTH,RIVIERE-ROUGE,J0T1T0
517,Quebec,QC,BAIE-SAINT-PAUL HOSPITAL,-70.51064244,47.43972674,47.43972674,-70.51064244,88 RACINE ST,BAIE-SAINT-PAUL,G3Z0K3
518,Quebec,QC,BARRIE MEMORIAL HOSPITAL,-73.99932247,45.12581784,45.12581784,-73.99932247,28 RUE GALE,ORMSTOWN,J0S1K0
519,Quebec,QC,CENTRE DE SANTE DE CHIBOUGAMAU,-74.34892646,49.9150996,49.9150996,-74.34892646,51 3 RUE,CHIBOUGAMAU,G8P1N1
520,Quebec,QC,CENTRE DE SANTÉ DE LA MINGANIE,-63.60497195,50.23725138,50.23725138,-63.60497195,1035 PROM DES ANCIENS ,HAVRE-SAINT-PIERRE,G0G1P0
521,Quebec,QC,CENTRE DE SANTÉ DE TÉMISCAMING,-79.09376728,46.72555871,46.72555871,-79.09376728,180 AV ANVIK,TÉMISCAMING,J0Z3R0
522,Quebec,QC,CENTRE DE SANTÉ DE PORT-CARTIER,-66.89287758,50.02410805,50.02410805,-66.89287758,3 RUE DE SHELTER BAY,PORT-CARTIER,G5B2W9
523,Quebec,QC,CENTRE DE SANTÉ ISLE-DIEU,-77.62797668,49.75611987,49.75611987,-77.62797668,130 BOUL MATAGAMI,MATAGAMI,J0Y2A0
524,Quebec,QC,CENTRE DE SANTÉ DES NORD-CÔTIERS,-69.40754618,48.35177495,48.35177495,-69.40754618,4 RUE DE L'HÔPITAL,LES ESCOUMINS,G0T1K0
525,Quebec,QC,CENTRE HOSPITALIER AFFILIÉ UNIVERSITAIRE DE QUÉBEC - HÔPITAL DU SAINT-SACREMENT,-71.24483714,46.79883984,46.79883984,-71.24483714,1050 CH STE FOY,QUÉBEC,G1S4L8
526,Quebec,QC,CENTRE HOSPITALIER BAIE-DES-CHALEURS,-65.99185132,48.16799267,48.16799267,-65.99185132,419 BOUL PERRON,MARIA,G0C1Y0
527,Quebec,QC,CENTRE DE SANTÉ SAINTE-FAMILLE,-79.44512024,47.33304573,47.33304573,-79.44512024,22 RUE NOTRE DAME N,VILLE MARIE,J9V1W8
528,Quebec,QC,CENTRE HOSPITALIER ANNA-LABERGE,-73.76509664,45.3448205,45.3448205,-73.76509664,200 BOUL BRISEBOIS,CHÂTEAUGUAY,J6K4W8
529,Quebec,QC,CENTRE HOSPITALIER BEAUCE-ÉTCHEMIN,-70.68495501,46.11002095,46.11002095,-70.68495501,1515 17 RUE,SAINT GEORGES,G5Y4T8
530,Quebec,QC,CENTRE HOSPITALIER D'AMQUI,-67.41959034,48.46851521,48.46851521,-67.41959034,135 RUE DE L'HÔPITAL,AMQUI,G5J2K5
531,Quebec,QC,CENTRE HOSPITALIER DE CHANDLER,-64.67194054,48.35395655,48.35395655,-64.67194054,451 RUE MGR ROSS E,CHANDLER,G0C1K0
532,Quebec,QC,CENTRE HOSPITALIER DE LA MRC D'ASBESTOS,-71.92639408,45.77127354,45.77127354,-71.92639408,475 3 AV,ASBESTOS,J1T1X6
533,Quebec,QC,CENTRE HOSPITALIER D'ARGENTEUIL,-74.35110315,45.66261126,45.66261126,-74.35110315,145 AV DE LA PROVIDENCE,LACHUTE,J8H4C7
534,Quebec,QC,CENTRE HOSPITALIER DE LACHINE,-73.67801797,45.44089588,45.44089588,-73.67801797,650 16 AV,MONTRÉAL,H8S3N5
535,Quebec,QC,CENTRE HOSPITALIER DE MATANE,-67.52403304,48.84417191,48.84417191,-67.52403304,333 RUE THIBAULT,MATANE,G4W2W5
536,Quebec,QC,CENTRE HOSPITALIER DE LA RÉGION DE L'AMIANTE,-71.27665376,46.10883365,46.10883365,-71.27665376,1717 RUE NOTRE DAME E,THETFORD MINES,G6G2V4
537,Quebec,QC,CENTRE HOSPITALIER DE LASALLE,-73.6218241,45.42170841,45.42170841,-73.6218241,8585 TSSE CHAMPLAIN,MONTRÉAL,H8P1C1
538,Quebec,QC,CENTRE HOSPITALIER DU GRANIT,-70.90520796,45.58941114,45.58941114,-70.90520796,3569 RUE LAVAL,LAC MEGANTIC,G6B1A5
539,Quebec,QC,CENTRE HOSPITALIER DU CENTRE-DE-LA-MAURICIE,-72.74202115,46.52465647,46.52465647,-72.74202115,50 119E RUE,SHAWINIGAN SUD,G9P5K1
540,Quebec,QC,CENTRE HOSPITALIER FLEURY,-73.65029843,45.57236834,45.57236834,-73.65029843,2180 RUE FLEURY E,MONTRÉAL,H2B1K3
541,Quebec,QC,CENTRE HOSPITALIER ET CLSC DE MEMPHRÉMAGOG,-72.14486445,45.26568146,45.26568146,-72.14486445,50 RUE SAINT PATRICE E,MAGOG,J1X3X3
542,Quebec,QC,CENTRE HOSPITALIER DES MONTS,-66.4833859,49.11938344,49.11938344,-66.4833859,50 RUE DU BELVÉDÈRE,SAINTE-ANNE-DES-MONTS,G0E2G0
543,Quebec,QC,CENTRE HOSPITALIER GATINEAU MÉMORIAL,-75.93182884,45.64847145,45.64847145,-75.93182884,101 CH BURNSIDE,LA PÊCHE,J0X3G0
544,Quebec,QC,CENTRE HOSPITALIER ET CENTRE DE READAPTATION ANTOINE-LABELLE,-75.51652515,46.54928418,46.54928418,-75.51652515,2561 CH DE LA LIEVRE S,MONT LAURIER,J9L3G3
545,Quebec,QC,CENTRE HOSPITALIER HÔTEL-DIEU D'AMOS,-78.12634076,48.57452348,48.57452348,-78.12634076,622 4 RUE O,AMOS,J9T2S2
546,Quebec,QC,CENTRE HOSPITALIER LA SARRE,-79.20030345,48.78638795,48.78638795,-79.20030345,679 2 RUE E,LA SARRE,J9Z2X2
547,Quebec,QC,CENTRE HOSPITALIER HONORÉ-MERCIER,-72.95976305,45.63339568,45.63339568,-72.95976305,2750 BOUL LAFRAMBOISE,SAINT HYACINTHE,J2S4Y8
548,Quebec,QC,CENTRE HOSPITALIER LAURENTIEN,-74.28746121,46.05575345,46.05575345,-74.28746121,234 RUE ST VINCENT,SAINTE-AGATHE-DES-MONTS,J8C2B8
549,Quebec,QC,CENTRE HOSPITALIER PAUL-GILBERT,-71.25854105,46.72441001,46.72441001,-71.25854105,9330 BOUL DU CENTRE HOSPITALIER,LÉVIS,G6X1L6
550,Quebec,QC,CENTRE HOSPITALIER PORTNEUF,-71.8232323,46.89569005,46.89569005,-71.8232323,700 RUE SAINT CYRILLE,SAINT-RAYMOND,G3L1W1
551,Quebec,QC,CENTRE HOSPITALIER PIERRE-BOUCHER,-73.45679189,45.53797215,45.53797215,-73.45679189,1333 BOUL JACQUES-CARTIER E,LONGUEUIL,J4M2A5
552,Quebec,QC,CENTRE HOSPITALIER RÉGIONAL BAIE-COMEAU,-68.25302694,49.19117394,49.19117394,-68.25302694,635 BOUL JOLIET,BAIE COMEAU,G5C1P1
553,Quebec,QC,CENTRE HOSPITALIER REGIONAL DE SEPT-ILES,-66.38316256,50.20937694,50.20937694,-66.38316256,45 RUE DU PÈRE DIVET ,SEPT-ÎLES,G4R3N7
554,Quebec,QC,CENTRE HOSPITALIER RÉGIONAL DE TROIS-RIVIÈRES - PAVILLON SAINTE-MARIE,-72.56103089,46.35505541,46.35505541,-72.56103089,1991 BOUL DU CARMEL,TROIS RIVIERES,G8Z3R9
555,Quebec,QC,CENTRE HOSPITALIER RICHARDSON,-73.64583289,45.47159049,45.47159049,-73.64583289,5425 AV BESSBOROUGH,MONTRÉAL,H4V2S7
556,Quebec,QC,CENTRE HOSPITALIER ROUYN-NORANDA,-79.02008424,48.24403812,48.24403812,-79.02008424,4 9 RUE,ROUYN NORANDA,J9X2B2
557,Quebec,QC,CENTRE HOSPITALIER SAINT-JOSEPH DE LA MALBAIE,-70.15218272,47.65582486,47.65582486,-70.15218272,303 RUE SAINT ÉTIENNE ,LA MALBAIE,G5A1T1
558,Quebec,QC,CENTRE HOSPITALIER NOTRE-DAME-DU-LAC,-69.03815923,48.202506,48.202506,-69.03815923,58 RUE DE L'ÉGLISE,NOTRE-DAME-DU-LAC,G0L4C0
559,Quebec,QC,CENTRE HOSPITALIER UNIVERSITAIRE DE QUÉBEC - CHUL (CHU),-71.28359808,46.7695875,46.7695875,-71.28359808,2705 BOUL LAURIER,QUÉBEC,G1V4G2
560,Quebec,QC,CENTRE HOSPITALIER SAINT-EUSTACHE,-73.91241706,45.57192062,45.57192062,-73.91241706,520 BOUL ARTHUR SAUVÉ,SAINT-EUSTACHE,J7R5B1
561,Quebec,QC,CENTRE HOSPITALIER RÉGIONAL DU SUROÎT,-74.13021436,45.25099242,45.25099242,-74.13021436,150 RUE ST-THOMAS,SALABERRY DE VALLEYFIELD,J6T6C1
562,Quebec,QC,CENTRE HOSPITALIER UNIVERSITAIRE DE QUÉBEC (CHUQ) (SIÉGE SOCIAL) - L'HÔTEL-DIEU DE QUÉBEC,-71.21149553,46.81526246,46.81526246,-71.21149553,11 CÔTE DU PALAIS,QUEBEC,G1R2J6
563,Quebec,QC,CENTRE HOSPITALIER UNIVERSITAIRE DE QUÉBEC (CHUQ) - HÔPITAL SAINT-FRANÇOIS D'ASSISE (CHU),-71.23632884,46.82746995,46.82746995,-71.23632884,10 RUE DE L'ESPINAY,QUEBEC,G1L3L5
564,Quebec,QC,CENTRE MULTISERVICES DE SANTÉ ET DE SERVICES SOCIAUX DE FERMONT,-67.08950948,52.79618054,52.79618054,-67.08950948,1 RUE DE L'AQUILON,FERMONT,G0G1J0
565,Quebec,QC,CENTRE MARIA-CHAPDELAINE - CENTRE HOSPITALIER DE DOLBEAU,-72.23840305,48.88561807,48.88561807,-72.23840305,2000 BOUL DU SACRÉ COEUR,DOLBEAU-MISTASSINI,G8L2R5
566,Quebec,QC,CENTRE HOSPITALIER UNIVERSITAIRE DE SHERBROOKE - HÔPITAL FLEURIMONT,-71.86837597,45.44739898,45.44739898,-71.86837597,3001 12 AV N,SHERBROOKE,J1H5N4
567,Quebec,QC,CH PIERRE LE GARDEUR,-73.50778403,45.7246549,45.7246549,-73.50778403,911 MONTÉE DES PIONNIERS,TERREBONNE,J6V2H2
568,Quebec,QC,COMPLEXE HOSPITALIER DE LA SAGAMIE,-71.05023902,48.42673863,48.42673863,-71.05023902,305 RUE SAINT VALLIER,SAGUENAY,G7H5H6
569,Quebec,QC,CLSC ORLÉANS HÔPITAL SAINTE-ANNE-DE-BEAUPRÉ,-70.89898943,47.04212877,47.04212877,-70.89898943,11000 RUE DES MONTAGNARDS,BEAUPRÉ,G0A1E0
570,Quebec,QC,FORESTVILLE MULTI-SERVICES CENTER FOR HEALTH AND SOCIAL SERVICES,-69.07481689,48.7375251,48.7375251,-69.07481689,2 7E RUE,FORESTVILLE,G0T1E0
571,Quebec,QC,CSSS DE LA RADISSONIE - CENTRE DE SANTE LEBEL,-76.98400361,49.05583231,49.05583231,-76.98400361,950 BOUL QUEVILLON,LEBEL-SUR-QUÉVILLON,J0Y1X0
572,Quebec,QC,CLSC DE SAINT-MARC-DEC-CARRIERES,-72.04934478,46.68114019,46.68114019,-72.04934478,1045 BOULEVARD BONA-DUSSAULT,SAINT-MARC-DES-CARRIERES,G0A4B0
573,Quebec,QC,Haut-Saint-Maurice Multi-Service Health and Social Services Center,-72.78512241,47.42852043,47.42852043,-72.78512241,885 BOUL DUCHARME,LA TUQUE,G9X3C1
574,Quebec,QC,GRACE DART HOSPITAL,-73.54612755,45.57802151,45.57802151,-73.54612755,6085 RUE SHERBROOKE E,MONTRÉAL,H1N1C2
575,Quebec,QC,HÔPITAL CHARLES LEMOYNE,-73.48560921,45.49768927,45.49768927,-73.48560921,3120 BOUL TASCHEREAU,LONGUEUIL,J4V2H1
576,Quebec,QC,HÔPITAL DE GASPÉ,-64.49659221,48.81414148,48.81414148,-64.49659221,215 BOUL DE YORK O,GASPÉ,G4X2W2
577,Quebec,QC,HÔPITAL CITÉ DE LA SANTÉ DE LAVAL,-73.71240264,45.60244424,45.60244424,-73.71240264,1755 BOUL RENÉ LAENNEC,LAVAL,H7M3L9
578,Quebec,QC,HÔPITAL DE HULL,-75.74751297,45.44489707,45.44489707,-75.74751297,116 BOUL LIONEL ÉMOND,GATINEAU,J8Y1W7
579,Quebec,QC,Hôpital de La Baie,-70.88491202,48.34358608,48.34358608,-70.88491202,1000 RUE DU DOCTEUR DESGAGNÉ,LA BAIE,G7B2M4
580,Quebec,QC,Hôpital de Jonquière,-71.23374403,48.41308807,48.41308807,-71.23374403,2230 RUE DE L'HOPITAL,JONQUIERE,G7X7X2
581,Quebec,QC,Hôpital de Roberval,-72.21983026,48.50851914,48.50851914,-72.21983026,450 RUE BRASSARD,ROBERVAL,G8H1B9
582,Quebec,QC,HÔPITAL DU SACRÉ-COEUR DE MONTRÉAL,-73.7160289,45.5342624,45.5342624,-73.7160289,5400 BOUL GOUIN O,MONTRÉAL,H4J1C5
583,Quebec,QC,HÔPITAL JEAN-TALON,-73.60932383,45.54561146,45.54561146,-73.60932383,1385 RUE JEAN TALON E,MONTRÉAL,H2E1S6
584,Quebec,QC,GATINEAU HOSPITAL,-75.69009509,45.49194766,45.49194766,-75.69009509,909 BOUL LA VÉRENDRYE O,GATINEAU,J8P7H2
585,Quebec,QC,HÔPITAL MAISONNEUVE-ROSEMONT,-73.55910266,45.57317195,45.57317195,-73.55910266,5415 BOUL DE L'ASSOMPTION,MONTRÉAL,h1t2m4
586,Quebec,QC,HÔPITAL NOTRE-DAME,-73.56454134,45.5263475,45.5263475,-73.56454134,1560 RUE SHERBROOKE E,MONTRÉAL,H2L4M1
587,Quebec,QC,HÔPITAL NOTRE-DAME DE LA MERCI - PAVILLON LA VISITATION,-73.68793863,45.5469928,45.5469928,-73.68793863,555 BOUL GOUIN O,MONTRÉAL,H3L1K5
588,Quebec,QC,HOPITAL GENERAL JUIF,-73.62887278,45.49720316,45.49720316,-73.62887278,3755 CHEMIN DE LA COTE-STE-CATHERINE,MONTREAL,H3T1E2
589,Quebec,QC,HÔPITAL NOTRE-DAME-DE-FATIMA,-70.0273528,47.37270119,47.37270119,-70.0273528,1201 AV 6E PILOTE,LA POCATIERE,G0R1Z0
590,Quebec,QC,HOPITAL RIVIERE-DES-PRAIRIES,-73.6114468,45.6230848,45.6230848,-73.6114468,7070 BOUL PERRAS,MONTREAL,H1E1A4
591,Quebec,QC,HÔPITAL SAINTE-CROIX,-72.47818734,45.87929905,45.87929905,-72.47818734,570 RUE HERIOT,DRUMMONDVILLE,J2B1C1
592,Quebec,QC,HOPITAL SAINT-LUC,-73.55759483,45.51240785,45.51240785,-73.55759483,1058 RUE SAINT DENIS,MONTRÉAL,H2X3J4
593,Quebec,QC,HOPITAL SANTA CABRINI,-73.5705427,45.57926526,45.57926526,-73.5705427,5655 RUE ST ZOTIQUE E,MONTRÉAL,H1T1P7
594,Quebec,QC,HÔTEL-DIEU DE LÉVIS,-71.17968679,46.81499231,46.81499231,-71.17968679,143 RUE WOLFE,LEVIS,G6V3Z1
595,Quebec,QC,HOTEL-DIEU D'ARTHABASKA,-71.91633119,46.04098709,46.04098709,-71.91633119,5 RUE DES HOSPITALIÈRES,VICTORIAVILLE,G6P6N2
596,Quebec,QC,Hôtel-Dieu de Sherbrooke,-71.87925627,45.39764224,45.39764224,-71.87925627,580 RUE BOWEN SUD,SHERBROOKE,J1G2E8
597,Quebec,QC,HÔTEL-DIEU DE MONTMAGNY,-70.59739723,46.97756586,46.97756586,-70.59739723,350 BOUL TACHÉ O,MONTMAGNY,G5V3R8
598,Quebec,QC,HÔTEL-DIEU DE SAINT-JÉRÔME,-73.99937897,45.76691315,45.76691315,-73.99937897,290 RUE DE MONTIGNY,SAINT-JÉRÔME,J7Z5T3
599,Quebec,QC,HÔTEL-DIEU DE SOREL,-73.09613427,46.04651341,46.04651341,-73.09613427,400 AV DE L'HÔTEL DIEU,SOREL-TRACY,J3P1N5
600,Quebec,QC,MANIWAKI HOSPITAL,-75.98136698,46.39194798,46.39194798,-75.98136698,309 BOUL DESJARDINS,MANIWAKI,J9E2E7
601,Quebec,QC,LANAUDIÈRE HOSPITAL CENTER,-73.45590307,46.03832802,46.03832802,-73.45590307,1000 BOULEVARD SAINTE-ANNE,SAINT-CHARLES-BORROMEE,J6E6J2
602,Quebec,QC,MCGILL UNIVERSITY HEALTH CENTRE - MONTREAL GENERAL CAMPUS,-73.58976307,45.49749556,45.49749556,-73.58976307,1650 AV CEDAR,MONTRÉAL,H3G1A4
603,Quebec,QC,MRC RIMOUSKI-NEIGETTE,-68.53191298,48.44667607,48.44667607,-68.53191298,150 AV ROULEAU,RIMOUSKI,G5L5T1
604,Quebec,QC,MRC LES BASQUES,-69.15975659,48.13351329,48.13351329,-69.15975659,550 RUE NOTRE DAME E,TROIS-PISTOLES,G0L4K0
605,Quebec,QC,PONTIAC HOSPITAL CENTRE/CENTRE DE SANTÉ DU PONTIAC,-76.48349905,45.60649454,45.60649454,-76.48349905,200 RUE ARGUE,SHAWVILLE,J0X2Y0
606,Quebec,QC,PAVILLON HÔTEL-DIEU D'ALMA (1964),-71.66349083,48.55002251,48.55002251,-71.66349083,300 BOUL CHAMPLAIN,ALMA,G8B5W3
607,Quebec,QC,MCGILL UNIVERSITY HEALTH CENTRE - ROYAL VICTORIA HOSPITAL,-73.60264681,45.47171413,45.47171413,-73.60264681,1001 boul. Decarie,MONTREAL,h4a3j1
608,Quebec,QC,RENE-RICHARD HEALTH CENTRE,-74.85506978,49.78094221,49.78094221,-74.85506978,32 3RD AVENUE,CHAPAIS,G0W1H0
609,Quebec,QC,RADISSON HEALTH CENTRE,-77.61997389,53.79144349,53.79144349,-77.61997389,199 AVENUE JOLLIET,Regional Government of Eeyou Istchee Baie-James,J0Y2X0
610,Quebec,QC,RCM OF RIVIERE-DU-LOUP,-69.53725705,47.82015299,47.82015299,-69.53725705,75 RUE SAINT HENRI,RIVIÈRE-DU-LOUP,G5R2A4
611,Quebec,QC,ST-MARY'S HOSPITAL CENTER,-73.62477537,45.49535461,45.49535461,-73.62477537,3830 AV LACOMBE,MONTRÉAL,H3T1M5
612,Quebec,QC,VERDUN HOSITAL,-73.56428225,45.46372588,45.46372588,-73.56428225,4000 BOUL LASALLE,MONTRÉAL,H4G2A3
614,Quebec,QC,VAL-D'OR HOSPITAL,-77.79482308,48.09567851,48.09567851,-77.79482308,725 6TH ST,VAL-D'OR,J9P3Y1
615,Saskatchewan,SK,ARCOLA HEALTH CENTRE,-102.4855353,49.63760178,49.63760178,-102.4855353,607 PRAIRIE AVE,ARCOLA,S0C0G0
616,Saskatchewan,SK,ASSINIBOIA UNION HOSPITAL,-105.9682444,49.61405135,49.61405135,-105.9682444,501 6 AVE E,ASSINIBOIA,S0H0B0
617,Saskatchewan,SK,ALL NATIONS' HEALING HOSPITAL,-103.7870286,50.76171038,50.76171038,-103.7870286,450 8TH ST E,FORT QU'APPELLE,S0G1S0
618,Saskatchewan,SK,BATTLEFORDS UNION HOSPITAL,-108.288717,52.77343402,52.77343402,-108.288717,1092 107 ST,NORTH BATTLEFORD,S9A1Z1
619,Saskatchewan,SK,BROADVIEW UNION HOSPITAL,-102.5844175,50.3745198,50.3745198,-102.5844175,901 NINA ST,BROADVIEW,S0G0K0
620,Saskatchewan,SK,CANORA HOSPITAL,-102.4666275,51.64356588,51.64356588,-102.4666275,1219 MAIN ST,CANORA,S0A0L0
621,Saskatchewan,SK,DAVIDSON & DISTRICT HEALTH CENTRE,-105.9853402,51.26720745,51.26720745,-105.9853402,900 GOVERNMENT RD,DAVIDSON,S0G1A0
622,Saskatchewan,SK,CYPRESS REGIONAL HOSPITAL,-107.7749298,50.30969613,50.30969613,-107.7749298,2004 SASKATCHEWAN DR,SWIFT CURRENT,S9H5M8
623,Saskatchewan,SK,DR. F. H. WIGMORE REGIONAL HOSPITAL,-105.5239587,50.42014346,50.42014346,-105.5239587,55 DIEFENBAKER DR,MOOSE JAW,S6J0C2
624,Saskatchewan,SK,HERBERT INTEGRATED FACILITY,-107.2183794,50.42652406,50.42652406,-107.2183794,405 HERBERT AVE,HERBERT,S0H2A0
625,Saskatchewan,SK,HUDSON BAY HOSPITAL,-102.387622,52.85410698,52.85410698,-102.387622,614 PRINCE STREET,HUDSON BAY,S0E0Y0
626,Saskatchewan,SK,HUMBOLDT DISTRICT HEALTH COMPLEX,-105.1214012,52.21199181,52.21199181,-105.1214012,515 14TH AVE,HUMBOLDT,S0K2A0
627,Saskatchewan,SK,INDIAN HEAD UNION HOSPITAL,-103.6775827,50.53678879,50.53678879,-103.6775827,300 HOSPITAL ST,INDIAN HEAD,S0G2K0
628,Saskatchewan,SK,KAMSACK HOSPITAL AND NURSING HOME,-101.8246737,51.62264436,51.62264436,-101.8246737,341 STEWART ST,KAMSACK,S0A1S0
629,Saskatchewan,SK,KERROBERT HOSPITAL/BUENAVISTA LODGE INTEGRATED FACILITY,-109.133642,51.92106349,51.92106349,-109.133642,115 MANITOBA AVE,KERROBERT,S0L1R0
630,Saskatchewan,SK,BIGGAR UNION HOSPITAL,-107.9508757,52.05872175,52.05872175,-107.9508757,501 1 AVE W,BIGGAR,S0K0M0
631,Saskatchewan,SK,KINDERSLEY HOSPITAL,-109.1634738,51.47131039,51.47131039,-109.1634738,1003 1 ST W,KINDERSLEY,S0L1S2
632,Saskatchewan,SK,LANIGAN HOSPITAL,-105.024126,51.85079067,51.85079067,-105.024126,36 DOWNING DR,LANIGAN,S0K2M0
633,Saskatchewan,SK,LA RONGE HEALTH CENTRE,-105.287351,55.1051805,55.1051805,-105.287351,227 BACKLUND ST,LA RONGE,S0J1L0
634,Saskatchewan,SK,KIPLING MEMORIAL HEALTH CENTRE,-102.6068053,50.07801806,50.07801806,-102.6068053,906 INDUSTRIAL DRIVE,KIPLING,S0G2S0
635,Saskatchewan,SK,LA LOCHE HEALTH CENTRE,-109.4526789,56.49444727,56.49444727,-109.4526789,DENE ROAD,LA LOCHE,S0M1G0
636,Saskatchewan,SK,MAIDSTONE HOSPITAL,-109.2939912,53.09029846,53.09029846,-109.2939912,214 5 AVE,MAIDSTONE,S0M1M0
637,Saskatchewan,SK,LEADER INTEGRATED HEALTH FACILITY,-109.6074375,50.90487496,50.90487496,-109.6074375,400 1 ST W,LEADER,S0N1H0
638,Saskatchewan,SK,LLOYDMINSTER HOSPITAL,-109.9895333,53.27362569,53.27362569,-109.9895333,3820 43 AVE,LLOYDMINSTER (PART),S9V1Y5
639,Saskatchewan,SK,MELFORT HOSPITAL,-104.6159857,52.86580846,52.86580846,-104.6159857,510 BROADWAY AVE N,MELFORT,S0E1A0
640,Saskatchewan,SK,NIPAWIN HOSPITAL,-104.0236292,53.35608811,53.35608811,-104.0236292,800 6 ST W,NIPAWIN,S0E1E0
641,Saskatchewan,SK,OUTLOOK UNION HOSPITAL,-107.0614055,51.48376448,51.48376448,-107.0614055,500 SEMPLE ST,OUTLOOK,S0L2N0
642,Alberta,AB,NORTHWEST HEALTH FACILITY - MEADOW LAKE HOSPITAL,-108.4333871,54.12367644,54.12367644,-108.4333871,711 CENTRE STREET,MEADOW LAKE,T0L2B0
643,Saskatchewan,SK,PASQUA HOSPITAL,-104.639817,50.45504591,50.45504591,-104.639817,4101 DEWDNEY AVE,REGINA,S4T1A5
644,Saskatchewan,SK,PARKLAND INTEGRATED HEALTH CENTRE,-106.388424,53.223136,53.223136,-106.388424,100 DR JL SPENCER DR,SHELLBROOK,SOJ2E0
645,Saskatchewan,SK,PORCUPINE CARRAGANA HOSPITAL,-103.2611591,52.5991341,52.5991341,-103.2611591,WINDSOR AVE,PORCUPINE PLAIN,S0E1H0
646,Saskatchewan,SK,REGINA GENERAL HOSPITAL,-104.60183,50.44396998,50.44396998,-104.60183,1440 14 AVE,REGINA,S4P0W5
647,Saskatchewan,SK,ROSTHERN HOSPITAL,-106.333029,52.66646585,52.66646585,-106.333029,2016 2 ST,ROSTHERN,S0K3R0
648,Saskatchewan,SK,PREECEVILLE HOSPITAL,-102.710996,51.94928524,51.94928524,-102.710996,712 7 ST NE,PREECEVILLE,S0A3B0
649,Saskatchewan,SK,ROYAL UNIVERSITY HOSPITAL,-106.6435658,52.12950848,52.12950848,-106.6435658,103 HOSPITAL DR,SASKATOON,S7N0W8
650,Saskatchewan,SK,ROSETOWN  HEALTH CENTRE,-107.943861,51.52398533,51.52398533,-107.943861,409 HWY 4 NORTH,ROSETOWN,S0L2V0
651,Saskatchewan,SK,SASKATOON CITY HOSPITAL,-106.6517696,52.1366108,52.1366108,-106.6517696,701 QUEEN ST,SASKATOON,S7K0M7
652,Saskatchewan,SK,SASKATCHEWAN HOSPITAL - NORTH BATTLEFORD,-108.2660287,52.74322778,52.74322778,-108.2660287,1 JERSEY ST,NORTH BATTLEFORD,S9A2X8
653,Saskatchewan,SK,SHAUNAVON HOSPITAL AND CARE CENTRE,-108.4158136,49.64987116,49.64987116,-108.4158136,660 4 ST W,SHAUNAVON,S0N2M0
654,Saskatchewan,SK,SOUTHEAST INTEGRATED CARE CENTRE,-101.6708526,50.1373388,50.1373388,-101.6708526,601 WRIGHT RD,MOOSOMIN,SOG3N0
655,Saskatchewan,SK,RIVERSIDE HEALTH COMPLEX,-108.9554654,53.38794132,53.38794132,-108.9554654,1ST ST S,TURTLEFORD,S0M2Y0
656,Saskatchewan,SK,ST JOSEPH'S HOSPITAL/FOYER D'YOUVILLE- GRAVELBOURG,-106.5621236,49.8754775,49.8754775,-106.5621236,216 BETTEZ ST,GRAVELBOURG,S0H1X0
657,Saskatchewan,SK,ST JOSEPH'S HOSPITAL- ÎLE A LA CROSSE,-107.8994986,55.44577452,55.44577452,-107.8994986,LA JEUNESSE AVE,ILE A LA CROSSE,S0M1C0
658,Saskatchewan,SK,ST. ANTHONY’S HOSPITAL,-102.0830855,50.64997763,50.64997763,-102.0830855,216 ANCONA STREET,ESTERHAZY,S0A0X0
659,Saskatchewan,SK,SOUTHWEST INTEGRATED HEALTHCARE FACILITY,-109.6159331,49.81805958,49.81805958,-109.6159331,102 5TH AVE W,MAPLE CREEK,S0N1N0
660,Saskatchewan,SK,ST. JOSEPH’S HOSPITAL,-103.0127276,49.15130139,49.15130139,-103.0127276,1174 NICHOLSON ROAD,ESTEVAN,S4A2V3
661,Saskatchewan,SK,TISDALE HOSPITAL,-104.0451508,52.86319947,52.86319947,-104.0451508,2010 110 AVE,TISDALE,S0E1T0
662,Saskatchewan,SK,ST. PAUL'S HOSPITAL,-106.6963656,52.12616799,52.12616799,-106.6963656,1702 20TH ST W,SASKATOON,S7M0Z9
663,Saskatchewan,SK,UNITY UNION HOSPITAL,-109.229223,52.4311352,52.4311352,-109.229223,AIRPORT RD,UNITY,S0K4L0
664,Saskatchewan,SK,WADENA  HOSPITAL,-103.7694432,51.94004331,51.94004331,-103.7694432,433 5 ST NE,WADENA,S0A4J0
665,Saskatchewan,SK,WEYBURN GENERAL HOSPITAL,-103.8530196,49.66832543,49.66832543,-103.8530196,201 1 AVE NE,WEYBURN,S4H0N1
666,Saskatchewan,SK,WOLSELEY MEMORIAL UNION HOSPITAL,-103.2920606,50.41752558,50.41752558,-103.2920606,801 QUIMET ST,WOLSELEY,S0G5H0
667,Saskatchewan,SK,WYNYARD HOSPITAL,-104.1674545,51.76817477,51.76817477,-104.1674545,300 10 ST E,WYNYARD,S0A4T0
668,Saskatchewan,SK,YORKTON REGIONAL HEALTH CENTRE,-102.4810259,51.20290735,51.20290735,-102.4810259,270 BRADBROOKE DR,YORKTON,S3N2K6
669,Saskatchewan,SK,WATROUS DISTRICT HEALTH COMPLEX,-105.4979746,51.62214132,51.62214132,-105.4979746,702 4TH ST EAST,WATROUS,S0K4T0
670,Saskatchewan,SK,VICTORIA HOSPITAL,-105.7698031,53.19878895,53.19878895,-105.7698031,1521 6TH NW,PRINCE ALBERT,S6V4N9
671,Newfoundland and Labrador,NL,CALDER HEALTH CARE CENTRE,-57.62212325,47.61315844,47.61315844,-57.62212325,7 PEDDLE PLACE,BURGEO,A0M1A0
